2026-05-20 02:34:28,698 Worker rq:worker:e1528331d01b419d97c773bc88cd91aa started with PID 31550, version 1.15.1
2026-05-20 02:34:28,698 Subscribing to channel rq:pubsub:e1528331d01b419d97c773bc88cd91aa
2026-05-20 02:34:28,699 *** Listening on home-sjayp-Cooperative_manager-coop-bench:short, home-sjayp-Cooperative_manager-coop-bench:default, home-sjayp-Cooperative_manager-coop-bench:long...
2026-05-20 02:34:28,700 Cleaning registries for queue: home-sjayp-Cooperative_manager-coop-bench:short
2026-05-20 02:34:28,702 Cleaning registries for queue: home-sjayp-Cooperative_manager-coop-bench:default
2026-05-20 02:34:28,703 Cleaning registries for queue: home-sjayp-Cooperative_manager-coop-bench:long
2026-05-20 02:35:55,059 home-sjayp-Cooperative_manager-coop-bench:default: frappe.utils.background_jobs.execute_job(event=None, is_async=True, job_name='frappe.core.doctype.user.user.create_contact', kwargs={'user': <User: sjaypeter.sjp@gmail.com>, 'ignore_mandatory': True}, method='frappe.core.doctype.user.user.create_contact', site='coop.localhost', user='Administrator') (coop.localhost::17f419a1-5719-4ad6-98b8-8a33394f796f)
2026-05-20 02:35:56,522 home-sjayp-Cooperative_manager-coop-bench:default: Job OK (coop.localhost::17f419a1-5719-4ad6-98b8-8a33394f796f)
2026-05-20 02:35:56,522 Result is kept for 600 seconds
2026-05-20 02:35:56,531 home-sjayp-Cooperative_manager-coop-bench:default: frappe.utils.background_jobs.execute_job(event=None, is_async=True, job_name='frappe.core.doctype.user.user.update_gravatar', kwargs={'name': 'sjaypeter.sjp@gmail.com'}, method='frappe.core.doctype.user.user.update_gravatar', site='coop.localhost', user='Administrator') (coop.localhost::49da5618-fff6-4aa0-aea6-4a1e31b74578)
2026-05-20 02:35:57,532 home-sjayp-Cooperative_manager-coop-bench:default: Job OK (coop.localhost::49da5618-fff6-4aa0-aea6-4a1e31b74578)
2026-05-20 02:35:57,532 Result is kept for 600 seconds
2026-05-20 02:49:27,718 Cleaning registries for queue: home-sjayp-Cooperative_manager-coop-bench:short
2026-05-20 02:49:27,735 Cleaning registries for queue: home-sjayp-Cooperative_manager-coop-bench:default
2026-05-20 02:49:27,744 Cleaning registries for queue: home-sjayp-Cooperative_manager-coop-bench:long
2026-05-20 03:16:28,016 Cleaning registries for queue: home-sjayp-Cooperative_manager-coop-bench:short
2026-05-20 03:16:28,035 Cleaning registries for queue: home-sjayp-Cooperative_manager-coop-bench:default
2026-05-20 03:16:28,039 Cleaning registries for queue: home-sjayp-Cooperative_manager-coop-bench:long
2026-05-20 06:17:57,905 Cleaning registries for queue: home-sjayp-Cooperative_manager-coop-bench:short
2026-05-20 06:17:57,929 Cleaning registries for queue: home-sjayp-Cooperative_manager-coop-bench:default
2026-05-20 06:17:57,935 Cleaning registries for queue: home-sjayp-Cooperative_manager-coop-bench:long
2026-05-20 10:19:13,693 Cleaning registries for queue: home-sjayp-Cooperative_manager-coop-bench:short
2026-05-20 10:19:13,889 Cleaning registries for queue: home-sjayp-Cooperative_manager-coop-bench:default
2026-05-20 10:19:14,015 Cleaning registries for queue: home-sjayp-Cooperative_manager-coop-bench:long
2026-05-20 10:19:46,743 home-sjayp-Cooperative_manager-coop-bench:default: frappe.utils.background_jobs.execute_job(event=None, is_async=True, job_name='frappe.core.doctype.scheduled_job_type.scheduled_job_type.run_scheduled_jo..., kwargs={'job_type': 'frappe.deferred_insert.save_to_db'}, method='frappe.core.doctype.scheduled_job_type.scheduled_job_type.run_scheduled_jo..., site='coop.localhost', user='Administrator') (coop.localhost::scheduled_job::frappe.deferred_insert.save_to_db)
2026-05-20 10:19:49,554 home-sjayp-Cooperative_manager-coop-bench:default: Job OK (coop.localhost::scheduled_job::frappe.deferred_insert.save_to_db)
2026-05-20 10:19:49,557 Result is kept for 600 seconds
2026-05-20 10:19:49,580 home-sjayp-Cooperative_manager-coop-bench:default: frappe.utils.background_jobs.execute_job(event=None, is_async=True, job_name='frappe.core.doctype.scheduled_job_type.scheduled_job_type.run_scheduled_jo..., kwargs={'job_type': 'frappe.email.queue.retry_sending_emails'}, method='frappe.core.doctype.scheduled_job_type.scheduled_job_type.run_scheduled_jo..., site='coop.localhost', user='Administrator') (coop.localhost::scheduled_job::frappe.email.queue.retry_sending_emails)
2026-05-20 10:19:50,737 home-sjayp-Cooperative_manager-coop-bench:default: Job OK (coop.localhost::scheduled_job::frappe.email.queue.retry_sending_emails)
2026-05-20 10:19:50,738 Result is kept for 600 seconds
2026-05-20 10:19:50,748 home-sjayp-Cooperative_manager-coop-bench:default: frappe.utils.background_jobs.execute_job(event=None, is_async=True, job_name='frappe.core.doctype.scheduled_job_type.scheduled_job_type.run_scheduled_jo..., kwargs={'job_type': 'frappe.search.sqlite_search.build_index_if_not_exists'}, method='frappe.core.doctype.scheduled_job_type.scheduled_job_type.run_scheduled_jo..., site='coop.localhost', user='Administrator') (coop.localhost::scheduled_job::frappe.search.sqlite_search.build_index_if_not_exists)
2026-05-20 10:19:51,449 home-sjayp-Cooperative_manager-coop-bench:default: Job OK (coop.localhost::scheduled_job::frappe.search.sqlite_search.build_index_if_not_exists)
2026-05-20 10:19:51,449 Result is kept for 600 seconds
2026-05-20 10:19:51,456 home-sjayp-Cooperative_manager-coop-bench:default: frappe.utils.background_jobs.execute_job(event=None, is_async=True, job_name='frappe.core.doctype.scheduled_job_type.scheduled_job_type.run_scheduled_jo..., kwargs={'job_type': 'frappe.email.doctype.email_account.email_account.notify_unrep..., method='frappe.core.doctype.scheduled_job_type.scheduled_job_type.run_scheduled_jo..., site='coop.localhost', user='Administrator') (coop.localhost::scheduled_job::frappe.email.doctype.email_account.email_account.notify_unreplied)
2026-05-20 10:19:51,912 home-sjayp-Cooperative_manager-coop-bench:default: Job OK (coop.localhost::scheduled_job::frappe.email.doctype.email_account.email_account.notify_unreplied)
2026-05-20 10:19:51,912 Result is kept for 600 seconds
2026-05-20 10:19:51,924 home-sjayp-Cooperative_manager-coop-bench:default: frappe.utils.background_jobs.execute_job(event=None, is_async=True, job_name='frappe.core.doctype.scheduled_job_type.scheduled_job_type.run_scheduled_jo..., kwargs={'job_type': 'frappe.email.doctype.newsletter.newsletter.send_scheduled_ema..., method='frappe.core.doctype.scheduled_job_type.scheduled_job_type.run_scheduled_jo..., site='coop.localhost', user='Administrator') (coop.localhost::scheduled_job::frappe.email.doctype.newsletter.newsletter.send_scheduled_email)
2026-05-20 10:19:52,320 home-sjayp-Cooperative_manager-coop-bench:default: Job OK (coop.localhost::scheduled_job::frappe.email.doctype.newsletter.newsletter.send_scheduled_email)
2026-05-20 10:19:52,321 Result is kept for 600 seconds
2026-05-20 10:19:52,330 home-sjayp-Cooperative_manager-coop-bench:default: frappe.utils.background_jobs.execute_job(event=None, is_async=True, job_name='frappe.core.doctype.scheduled_job_type.scheduled_job_type.run_scheduled_jo..., kwargs={'job_type': 'frappe.email.queue.flush'}, method='frappe.core.doctype.scheduled_job_type.scheduled_job_type.run_scheduled_jo..., site='coop.localhost', user='Administrator') (coop.localhost::scheduled_job::frappe.email.queue.flush)
2026-05-20 10:19:52,764 home-sjayp-Cooperative_manager-coop-bench:default: Job OK (coop.localhost::scheduled_job::frappe.email.queue.flush)
2026-05-20 10:19:52,764 Result is kept for 600 seconds
2026-05-20 10:19:52,772 home-sjayp-Cooperative_manager-coop-bench:default: frappe.utils.background_jobs.execute_job(event=None, is_async=True, job_name='frappe.core.doctype.scheduled_job_type.scheduled_job_type.run_scheduled_jo..., kwargs={'job_type': 'frappe.integrations.doctype.google_calendar.google_calendar.s..., method='frappe.core.doctype.scheduled_job_type.scheduled_job_type.run_scheduled_jo..., site='coop.localhost', user='Administrator') (coop.localhost::scheduled_job::frappe.integrations.doctype.google_calendar.google_calendar.sync)
2026-05-20 10:19:53,405 home-sjayp-Cooperative_manager-coop-bench:default: Job OK (coop.localhost::scheduled_job::frappe.integrations.doctype.google_calendar.google_calendar.sync)
2026-05-20 10:19:53,405 Result is kept for 600 seconds
2026-05-20 10:19:53,412 home-sjayp-Cooperative_manager-coop-bench:default: frappe.utils.background_jobs.execute_job(event=None, is_async=True, job_name='frappe.core.doctype.scheduled_job_type.scheduled_job_type.run_scheduled_jo..., kwargs={'job_type': 'frappe.automation.doctype.reminder.reminder.send_reminders'}, method='frappe.core.doctype.scheduled_job_type.scheduled_job_type.run_scheduled_jo..., site='coop.localhost', user='Administrator') (coop.localhost::scheduled_job::frappe.automation.doctype.reminder.reminder.send_reminders)
2026-05-20 10:19:53,683 home-sjayp-Cooperative_manager-coop-bench:default: Job OK (coop.localhost::scheduled_job::frappe.automation.doctype.reminder.reminder.send_reminders)
2026-05-20 10:19:53,684 Result is kept for 600 seconds
2026-05-20 10:19:53,691 home-sjayp-Cooperative_manager-coop-bench:default: frappe.utils.background_jobs.execute_job(event=None, is_async=True, job_name='frappe.core.doctype.scheduled_job_type.scheduled_job_type.run_scheduled_jo..., kwargs={'job_type': 'frappe.monitor.flush'}, method='frappe.core.doctype.scheduled_job_type.scheduled_job_type.run_scheduled_jo..., site='coop.localhost', user='Administrator') (coop.localhost::scheduled_job::frappe.monitor.flush)
2026-05-20 10:19:53,851 home-sjayp-Cooperative_manager-coop-bench:default: Job OK (coop.localhost::scheduled_job::frappe.monitor.flush)
2026-05-20 10:19:53,852 Result is kept for 600 seconds
2026-05-20 10:19:53,859 home-sjayp-Cooperative_manager-coop-bench:default: frappe.utils.background_jobs.execute_job(event=None, is_async=True, job_name='frappe.core.doctype.scheduled_job_type.scheduled_job_type.run_scheduled_jo..., kwargs={'job_type': 'frappe.email.doctype.email_account.email_account.pull'}, method='frappe.core.doctype.scheduled_job_type.scheduled_job_type.run_scheduled_jo..., site='coop.localhost', user='Administrator') (coop.localhost::scheduled_job::frappe.email.doctype.email_account.email_account.pull)
2026-05-20 10:19:54,161 home-sjayp-Cooperative_manager-coop-bench:default: Job OK (coop.localhost::scheduled_job::frappe.email.doctype.email_account.email_account.pull)
2026-05-20 10:19:54,161 Result is kept for 600 seconds
2026-05-20 10:19:54,167 home-sjayp-Cooperative_manager-coop-bench:default: frappe.utils.background_jobs.execute_job(event=None, is_async=True, job_name='frappe.core.doctype.scheduled_job_type.scheduled_job_type.run_scheduled_jo..., kwargs={'job_type': 'frappe.utils.telemetry.pulse.client.send_queued_events'}, method='frappe.core.doctype.scheduled_job_type.scheduled_job_type.run_scheduled_jo..., site='coop.localhost', user='Administrator') (coop.localhost::scheduled_job::frappe.utils.telemetry.pulse.client.send_queued_events)
2026-05-20 10:19:54,385 home-sjayp-Cooperative_manager-coop-bench:default: Job OK (coop.localhost::scheduled_job::frappe.utils.telemetry.pulse.client.send_queued_events)
2026-05-20 10:19:54,385 Result is kept for 600 seconds
2026-05-20 10:19:54,394 home-sjayp-Cooperative_manager-coop-bench:default: frappe.utils.background_jobs.execute_job(event=None, is_async=True, job_name='frappe.core.doctype.scheduled_job_type.scheduled_job_type.run_scheduled_jo..., kwargs={'job_type': 'frappe.model.utils.link_count.update_link_count'}, method='frappe.core.doctype.scheduled_job_type.scheduled_job_type.run_scheduled_jo..., site='coop.localhost', user='Administrator') (coop.localhost::scheduled_job::frappe.model.utils.link_count.update_link_count)
2026-05-20 10:19:54,586 home-sjayp-Cooperative_manager-coop-bench:default: Job OK (coop.localhost::scheduled_job::frappe.model.utils.link_count.update_link_count)
2026-05-20 10:19:54,587 Result is kept for 600 seconds
2026-05-20 10:19:54,592 home-sjayp-Cooperative_manager-coop-bench:default: frappe.utils.background_jobs.execute_job(event=None, is_async=True, job_name='frappe.core.doctype.scheduled_job_type.scheduled_job_type.run_scheduled_jo..., kwargs={'job_type': 'frappe.utils.global_search.sync_global_search'}, method='frappe.core.doctype.scheduled_job_type.scheduled_job_type.run_scheduled_jo..., site='coop.localhost', user='Administrator') (coop.localhost::scheduled_job::frappe.utils.global_search.sync_global_search)
2026-05-20 10:19:54,874 home-sjayp-Cooperative_manager-coop-bench:default: Job OK (coop.localhost::scheduled_job::frappe.utils.global_search.sync_global_search)
2026-05-20 10:19:54,875 Result is kept for 600 seconds
2026-05-20 10:19:54,884 home-sjayp-Cooperative_manager-coop-bench:long: frappe.utils.background_jobs.execute_job(event=None, is_async=True, job_name='frappe.core.doctype.scheduled_job_type.scheduled_job_type.run_scheduled_jo..., kwargs={'job_type': 'frappe.model.utils.user_settings.sync_user_settings'}, method='frappe.core.doctype.scheduled_job_type.scheduled_job_type.run_scheduled_jo..., site='coop.localhost', user='Administrator') (coop.localhost::scheduled_job::frappe.model.utils.user_settings.sync_user_settings)
2026-05-20 10:19:55,104 home-sjayp-Cooperative_manager-coop-bench:long: Job OK (coop.localhost::scheduled_job::frappe.model.utils.user_settings.sync_user_settings)
2026-05-20 10:19:55,104 Result is kept for 600 seconds
2026-05-20 10:19:55,112 home-sjayp-Cooperative_manager-coop-bench:long: frappe.utils.background_jobs.execute_job(event=None, is_async=True, job_name='frappe.core.doctype.scheduled_job_type.scheduled_job_type.run_scheduled_jo..., kwargs={'job_type': 'frappe.core.doctype.prepared_report.prepared_report.expire_st..., method='frappe.core.doctype.scheduled_job_type.scheduled_job_type.run_scheduled_jo..., site='coop.localhost', user='Administrator') (coop.localhost::scheduled_job::frappe.core.doctype.prepared_report.prepared_report.expire_stalled_report)
2026-05-20 10:19:55,350 home-sjayp-Cooperative_manager-coop-bench:long: Job OK (coop.localhost::scheduled_job::frappe.core.doctype.prepared_report.prepared_report.expire_stalled_report)
2026-05-20 10:19:55,351 Result is kept for 600 seconds
2026-05-20 10:19:55,358 home-sjayp-Cooperative_manager-coop-bench:long: frappe.utils.background_jobs.execute_job(event=None, is_async=True, job_name='frappe.core.doctype.scheduled_job_type.scheduled_job_type.run_scheduled_jo..., kwargs={'job_type': 'frappe.desk.page.backups.backups.delete_downloadable_backups'..., method='frappe.core.doctype.scheduled_job_type.scheduled_job_type.run_scheduled_jo..., site='coop.localhost', user='Administrator') (coop.localhost::scheduled_job::frappe.desk.page.backups.backups.delete_downloadable_backups)
2026-05-20 10:19:55,661 home-sjayp-Cooperative_manager-coop-bench:long: Job OK (coop.localhost::scheduled_job::frappe.desk.page.backups.backups.delete_downloadable_backups)
2026-05-20 10:19:55,661 Result is kept for 600 seconds
2026-05-20 10:19:55,681 home-sjayp-Cooperative_manager-coop-bench:long: frappe.utils.background_jobs.execute_job(event=None, is_async=True, job_name='frappe.core.doctype.scheduled_job_type.scheduled_job_type.run_scheduled_jo..., kwargs={'job_type': 'frappe.website.doctype.personal_data_deletion_request.persona..., method='frappe.core.doctype.scheduled_job_type.scheduled_job_type.run_scheduled_jo..., site='coop.localhost', user='Administrator') (coop.localhost::scheduled_job::frappe.website.doctype.personal_data_deletion_request.personal_data_deletion_request.process_data_deletion_request)
2026-05-20 10:19:56,080 home-sjayp-Cooperative_manager-coop-bench:long: Job OK (coop.localhost::scheduled_job::frappe.website.doctype.personal_data_deletion_request.personal_data_deletion_request.process_data_deletion_request)
2026-05-20 10:19:56,080 Result is kept for 600 seconds
2026-05-20 10:19:56,088 home-sjayp-Cooperative_manager-coop-bench:long: frappe.utils.background_jobs.execute_job(event=None, is_async=True, job_name='frappe.core.doctype.scheduled_job_type.scheduled_job_type.run_scheduled_jo..., kwargs={'job_type': 'frappe.desk.form.document_follow.send_hourly_updates'}, method='frappe.core.doctype.scheduled_job_type.scheduled_job_type.run_scheduled_jo..., site='coop.localhost', user='Administrator') (coop.localhost::scheduled_job::frappe.desk.form.document_follow.send_hourly_updates)
2026-05-20 10:19:56,327 home-sjayp-Cooperative_manager-coop-bench:long: Job OK (coop.localhost::scheduled_job::frappe.desk.form.document_follow.send_hourly_updates)
2026-05-20 10:19:56,327 Result is kept for 600 seconds
2026-05-20 10:19:56,333 home-sjayp-Cooperative_manager-coop-bench:long: frappe.utils.background_jobs.execute_job(event=None, is_async=True, job_name='frappe.core.doctype.scheduled_job_type.scheduled_job_type.run_scheduled_jo..., kwargs={'job_type': 'frappe.twofactor.delete_all_barcodes_for_users'}, method='frappe.core.doctype.scheduled_job_type.scheduled_job_type.run_scheduled_jo..., site='coop.localhost', user='Administrator') (coop.localhost::scheduled_job::frappe.twofactor.delete_all_barcodes_for_users)
2026-05-20 10:19:56,743 home-sjayp-Cooperative_manager-coop-bench:long: Job OK (coop.localhost::scheduled_job::frappe.twofactor.delete_all_barcodes_for_users)
2026-05-20 10:19:56,743 Result is kept for 600 seconds
2026-05-20 10:19:56,750 home-sjayp-Cooperative_manager-coop-bench:long: frappe.utils.background_jobs.execute_job(event=None, is_async=True, job_name='frappe.core.doctype.scheduled_job_type.scheduled_job_type.run_scheduled_jo..., kwargs={'job_type': 'frappe.website.doctype.web_page.web_page.check_publish_status..., method='frappe.core.doctype.scheduled_job_type.scheduled_job_type.run_scheduled_jo..., site='coop.localhost', user='Administrator') (coop.localhost::scheduled_job::frappe.website.doctype.web_page.web_page.check_publish_status)
2026-05-20 10:19:57,296 home-sjayp-Cooperative_manager-coop-bench:long: Job OK (coop.localhost::scheduled_job::frappe.website.doctype.web_page.web_page.check_publish_status)
2026-05-20 10:19:57,296 Result is kept for 600 seconds
2026-05-20 10:19:57,302 home-sjayp-Cooperative_manager-coop-bench:long: frappe.utils.background_jobs.execute_job(event=None, is_async=True, job_name='frappe.core.doctype.scheduled_job_type.scheduled_job_type.run_scheduled_jo..., kwargs={'job_type': 'frappe.oauth.delete_oauth2_data'}, method='frappe.core.doctype.scheduled_job_type.scheduled_job_type.run_scheduled_jo..., site='coop.localhost', user='Administrator') (coop.localhost::scheduled_job::frappe.oauth.delete_oauth2_data)
2026-05-20 10:19:57,589 home-sjayp-Cooperative_manager-coop-bench:long: Job OK (coop.localhost::scheduled_job::frappe.oauth.delete_oauth2_data)
2026-05-20 10:19:57,589 Result is kept for 600 seconds
2026-05-20 10:19:57,596 home-sjayp-Cooperative_manager-coop-bench:long: frappe.utils.background_jobs.execute_job(event=None, is_async=True, job_name='frappe.core.doctype.scheduled_job_type.scheduled_job_type.run_scheduled_jo..., kwargs={'job_type': 'frappe.desk.utils.delete_old_exported_report_files'}, method='frappe.core.doctype.scheduled_job_type.scheduled_job_type.run_scheduled_jo..., site='coop.localhost', user='Administrator') (coop.localhost::scheduled_job::frappe.desk.utils.delete_old_exported_report_files)
2026-05-20 10:19:57,828 home-sjayp-Cooperative_manager-coop-bench:long: Job OK (coop.localhost::scheduled_job::frappe.desk.utils.delete_old_exported_report_files)
2026-05-20 10:19:57,828 Result is kept for 600 seconds
2026-05-20 10:20:50,653 home-sjayp-Cooperative_manager-coop-bench:default: frappe.utils.background_jobs.execute_job(event=None, is_async=True, job_name='frappe.core.doctype.scheduled_job_type.scheduled_job_type.run_scheduled_jo..., kwargs={'job_type': 'frappe.email.doctype.email_account.email_account.pull'}, method='frappe.core.doctype.scheduled_job_type.scheduled_job_type.run_scheduled_jo..., site='coop.localhost', user='Administrator') (coop.localhost::scheduled_job::frappe.email.doctype.email_account.email_account.pull)
2026-05-20 10:20:51,587 home-sjayp-Cooperative_manager-coop-bench:default: Job OK (coop.localhost::scheduled_job::frappe.email.doctype.email_account.email_account.pull)
2026-05-20 10:20:51,588 Result is kept for 600 seconds
2026-05-20 10:20:51,598 home-sjayp-Cooperative_manager-coop-bench:default: frappe.utils.background_jobs.execute_job(event=None, is_async=True, job_name='frappe.core.doctype.scheduled_job_type.scheduled_job_type.run_scheduled_jo..., kwargs={'job_type': 'frappe.email.queue.flush'}, method='frappe.core.doctype.scheduled_job_type.scheduled_job_type.run_scheduled_jo..., site='coop.localhost', user='Administrator') (coop.localhost::scheduled_job::frappe.email.queue.flush)
2026-05-20 10:20:52,372 home-sjayp-Cooperative_manager-coop-bench:default: Job OK (coop.localhost::scheduled_job::frappe.email.queue.flush)
2026-05-20 10:20:52,373 Result is kept for 600 seconds
2026-05-20 10:20:52,394 home-sjayp-Cooperative_manager-coop-bench:default: frappe.utils.background_jobs.execute_job(event=None, is_async=True, job_name='frappe.core.doctype.scheduled_job_type.scheduled_job_type.run_scheduled_jo..., kwargs={'job_type': 'frappe.integrations.doctype.google_calendar.google_calendar.s..., method='frappe.core.doctype.scheduled_job_type.scheduled_job_type.run_scheduled_jo..., site='coop.localhost', user='Administrator') (coop.localhost::scheduled_job::frappe.integrations.doctype.google_calendar.google_calendar.sync)
2026-05-20 10:20:53,338 home-sjayp-Cooperative_manager-coop-bench:default: Job OK (coop.localhost::scheduled_job::frappe.integrations.doctype.google_calendar.google_calendar.sync)
2026-05-20 10:20:53,338 Result is kept for 600 seconds
2026-05-20 10:20:53,351 home-sjayp-Cooperative_manager-coop-bench:default: frappe.utils.background_jobs.execute_job(event=None, is_async=True, job_name='frappe.core.doctype.scheduled_job_type.scheduled_job_type.run_scheduled_jo..., kwargs={'job_type': 'frappe.monitor.flush'}, method='frappe.core.doctype.scheduled_job_type.scheduled_job_type.run_scheduled_jo..., site='coop.localhost', user='Administrator') (coop.localhost::scheduled_job::frappe.monitor.flush)
2026-05-20 10:20:53,672 home-sjayp-Cooperative_manager-coop-bench:default: Job OK (coop.localhost::scheduled_job::frappe.monitor.flush)
2026-05-20 10:20:53,673 Result is kept for 600 seconds
2026-05-20 10:20:53,686 home-sjayp-Cooperative_manager-coop-bench:default: frappe.utils.background_jobs.execute_job(event=None, is_async=True, job_name='frappe.core.doctype.scheduled_job_type.scheduled_job_type.run_scheduled_jo..., kwargs={'job_type': 'frappe.email.queue.retry_sending_emails'}, method='frappe.core.doctype.scheduled_job_type.scheduled_job_type.run_scheduled_jo..., site='coop.localhost', user='Administrator') (coop.localhost::scheduled_job::frappe.email.queue.retry_sending_emails)
2026-05-20 10:20:54,580 home-sjayp-Cooperative_manager-coop-bench:default: Job OK (coop.localhost::scheduled_job::frappe.email.queue.retry_sending_emails)
2026-05-20 10:20:54,581 Result is kept for 600 seconds
2026-05-20 10:25:01,502 home-sjayp-Cooperative_manager-coop-bench:default: frappe.utils.background_jobs.execute_job(event=None, is_async=True, job_name='frappe.core.doctype.scheduled_job_type.scheduled_job_type.run_scheduled_jo..., kwargs={'job_type': 'frappe.email.queue.retry_sending_emails'}, method='frappe.core.doctype.scheduled_job_type.scheduled_job_type.run_scheduled_jo..., site='coop.localhost', user='Administrator') (coop.localhost::scheduled_job::frappe.email.queue.retry_sending_emails)
2026-05-20 10:25:02,653 home-sjayp-Cooperative_manager-coop-bench:default: Job OK (coop.localhost::scheduled_job::frappe.email.queue.retry_sending_emails)
2026-05-20 10:25:02,653 Result is kept for 600 seconds
2026-05-20 10:25:02,667 home-sjayp-Cooperative_manager-coop-bench:default: frappe.utils.background_jobs.execute_job(event=None, is_async=True, job_name='frappe.core.doctype.scheduled_job_type.scheduled_job_type.run_scheduled_jo..., kwargs={'job_type': 'frappe.integrations.doctype.google_calendar.google_calendar.s..., method='frappe.core.doctype.scheduled_job_type.scheduled_job_type.run_scheduled_jo..., site='coop.localhost', user='Administrator') (coop.localhost::scheduled_job::frappe.integrations.doctype.google_calendar.google_calendar.sync)
2026-05-20 10:25:03,277 home-sjayp-Cooperative_manager-coop-bench:default: Job OK (coop.localhost::scheduled_job::frappe.integrations.doctype.google_calendar.google_calendar.sync)
2026-05-20 10:25:03,277 Result is kept for 600 seconds
2026-05-20 10:25:03,285 home-sjayp-Cooperative_manager-coop-bench:default: frappe.utils.background_jobs.execute_job(event=None, is_async=True, job_name='frappe.core.doctype.scheduled_job_type.scheduled_job_type.run_scheduled_jo..., kwargs={'job_type': 'frappe.monitor.flush'}, method='frappe.core.doctype.scheduled_job_type.scheduled_job_type.run_scheduled_jo..., site='coop.localhost', user='Administrator') (coop.localhost::scheduled_job::frappe.monitor.flush)
2026-05-20 10:25:03,521 home-sjayp-Cooperative_manager-coop-bench:default: Job OK (coop.localhost::scheduled_job::frappe.monitor.flush)
2026-05-20 10:25:03,521 Result is kept for 600 seconds
2026-05-20 10:25:03,532 home-sjayp-Cooperative_manager-coop-bench:default: frappe.utils.background_jobs.execute_job(event=None, is_async=True, job_name='frappe.core.doctype.scheduled_job_type.scheduled_job_type.run_scheduled_jo..., kwargs={'job_type': 'frappe.email.queue.flush'}, method='frappe.core.doctype.scheduled_job_type.scheduled_job_type.run_scheduled_jo..., site='coop.localhost', user='Administrator') (coop.localhost::scheduled_job::frappe.email.queue.flush)
2026-05-20 10:25:04,089 home-sjayp-Cooperative_manager-coop-bench:default: Job OK (coop.localhost::scheduled_job::frappe.email.queue.flush)
2026-05-20 10:25:04,089 Result is kept for 600 seconds
2026-05-20 10:28:10,614 home-sjayp-Cooperative_manager-coop-bench:default: frappe.utils.background_jobs.execute_job(event=None, is_async=True, job_name='frappe.core.doctype.scheduled_job_type.scheduled_job_type.run_scheduled_jo..., kwargs={'job_type': 'frappe.monitor.flush'}, method='frappe.core.doctype.scheduled_job_type.scheduled_job_type.run_scheduled_jo..., site='coop.localhost', user='Administrator') (coop.localhost::scheduled_job::frappe.monitor.flush)
2026-05-20 10:28:10,885 home-sjayp-Cooperative_manager-coop-bench:default: Job OK (coop.localhost::scheduled_job::frappe.monitor.flush)
2026-05-20 10:28:10,885 Result is kept for 600 seconds
2026-05-20 10:28:10,894 home-sjayp-Cooperative_manager-coop-bench:default: frappe.utils.background_jobs.execute_job(event=None, is_async=True, job_name='frappe.core.doctype.scheduled_job_type.scheduled_job_type.run_scheduled_jo..., kwargs={'job_type': 'frappe.email.queue.flush'}, method='frappe.core.doctype.scheduled_job_type.scheduled_job_type.run_scheduled_jo..., site='coop.localhost', user='Administrator') (coop.localhost::scheduled_job::frappe.email.queue.flush)
2026-05-20 10:28:11,414 home-sjayp-Cooperative_manager-coop-bench:default: Job OK (coop.localhost::scheduled_job::frappe.email.queue.flush)
2026-05-20 10:28:11,415 Result is kept for 600 seconds
2026-05-20 10:28:11,423 home-sjayp-Cooperative_manager-coop-bench:default: frappe.utils.background_jobs.execute_job(event=None, is_async=True, job_name='frappe.core.doctype.scheduled_job_type.scheduled_job_type.run_scheduled_jo..., kwargs={'job_type': 'frappe.email.queue.retry_sending_emails'}, method='frappe.core.doctype.scheduled_job_type.scheduled_job_type.run_scheduled_jo..., site='coop.localhost', user='Administrator') (coop.localhost::scheduled_job::frappe.email.queue.retry_sending_emails)
2026-05-20 10:28:11,815 home-sjayp-Cooperative_manager-coop-bench:default: Job OK (coop.localhost::scheduled_job::frappe.email.queue.retry_sending_emails)
2026-05-20 10:28:11,817 Result is kept for 600 seconds
2026-05-20 10:28:11,830 home-sjayp-Cooperative_manager-coop-bench:default: frappe.utils.background_jobs.execute_job(event=None, is_async=True, job_name='frappe.core.doctype.scheduled_job_type.scheduled_job_type.run_scheduled_jo..., kwargs={'job_type': 'frappe.integrations.doctype.google_calendar.google_calendar.s..., method='frappe.core.doctype.scheduled_job_type.scheduled_job_type.run_scheduled_jo..., site='coop.localhost', user='Administrator') (coop.localhost::scheduled_job::frappe.integrations.doctype.google_calendar.google_calendar.sync)
2026-05-20 10:28:12,286 home-sjayp-Cooperative_manager-coop-bench:default: Job OK (coop.localhost::scheduled_job::frappe.integrations.doctype.google_calendar.google_calendar.sync)
2026-05-20 10:28:12,286 Result is kept for 600 seconds
2026-05-20 10:30:15,712 home-sjayp-Cooperative_manager-coop-bench:default: frappe.utils.background_jobs.execute_job(event=None, is_async=True, job_name='frappe.core.doctype.scheduled_job_type.scheduled_job_type.run_scheduled_jo..., kwargs={'job_type': 'frappe.model.utils.link_count.update_link_count'}, method='frappe.core.doctype.scheduled_job_type.scheduled_job_type.run_scheduled_jo..., site='coop.localhost', user='Administrator') (coop.localhost::scheduled_job::frappe.model.utils.link_count.update_link_count)
2026-05-20 10:30:16,281 home-sjayp-Cooperative_manager-coop-bench:default: Job OK (coop.localhost::scheduled_job::frappe.model.utils.link_count.update_link_count)
2026-05-20 10:30:16,281 Result is kept for 600 seconds
2026-05-20 10:30:16,298 home-sjayp-Cooperative_manager-coop-bench:default: frappe.utils.background_jobs.execute_job(event=None, is_async=True, job_name='frappe.core.doctype.scheduled_job_type.scheduled_job_type.run_scheduled_jo..., kwargs={'job_type': 'frappe.utils.global_search.sync_global_search'}, method='frappe.core.doctype.scheduled_job_type.scheduled_job_type.run_scheduled_jo..., site='coop.localhost', user='Administrator') (coop.localhost::scheduled_job::frappe.utils.global_search.sync_global_search)
2026-05-20 10:30:16,787 home-sjayp-Cooperative_manager-coop-bench:default: Job OK (coop.localhost::scheduled_job::frappe.utils.global_search.sync_global_search)
2026-05-20 10:30:16,787 Result is kept for 600 seconds
2026-05-20 10:30:16,866 home-sjayp-Cooperative_manager-coop-bench:default: frappe.utils.background_jobs.execute_job(event=None, is_async=True, job_name='frappe.core.doctype.scheduled_job_type.scheduled_job_type.run_scheduled_jo..., kwargs={'job_type': 'frappe.deferred_insert.save_to_db'}, method='frappe.core.doctype.scheduled_job_type.scheduled_job_type.run_scheduled_jo..., site='coop.localhost', user='Administrator') (coop.localhost::scheduled_job::frappe.deferred_insert.save_to_db)
2026-05-20 10:30:17,290 home-sjayp-Cooperative_manager-coop-bench:default: Job OK (coop.localhost::scheduled_job::frappe.deferred_insert.save_to_db)
2026-05-20 10:30:17,290 Result is kept for 600 seconds
2026-05-20 10:30:17,297 home-sjayp-Cooperative_manager-coop-bench:default: frappe.utils.background_jobs.execute_job(event=None, is_async=True, job_name='frappe.core.doctype.scheduled_job_type.scheduled_job_type.run_scheduled_jo..., kwargs={'job_type': 'frappe.utils.telemetry.pulse.client.send_queued_events'}, method='frappe.core.doctype.scheduled_job_type.scheduled_job_type.run_scheduled_jo..., site='coop.localhost', user='Administrator') (coop.localhost::scheduled_job::frappe.utils.telemetry.pulse.client.send_queued_events)
2026-05-20 10:30:17,690 home-sjayp-Cooperative_manager-coop-bench:default: Job OK (coop.localhost::scheduled_job::frappe.utils.telemetry.pulse.client.send_queued_events)
2026-05-20 10:30:17,691 Result is kept for 600 seconds
2026-05-20 10:30:17,706 home-sjayp-Cooperative_manager-coop-bench:default: frappe.utils.background_jobs.execute_job(event=None, is_async=True, job_name='frappe.core.doctype.scheduled_job_type.scheduled_job_type.run_scheduled_jo..., kwargs={'job_type': 'frappe.email.doctype.email_account.email_account.pull'}, method='frappe.core.doctype.scheduled_job_type.scheduled_job_type.run_scheduled_jo..., site='coop.localhost', user='Administrator') (coop.localhost::scheduled_job::frappe.email.doctype.email_account.email_account.pull)
2026-05-20 10:30:18,092 home-sjayp-Cooperative_manager-coop-bench:default: Job OK (coop.localhost::scheduled_job::frappe.email.doctype.email_account.email_account.pull)
2026-05-20 10:30:18,093 Result is kept for 600 seconds
2026-05-20 10:30:18,100 home-sjayp-Cooperative_manager-coop-bench:default: frappe.utils.background_jobs.execute_job(event=None, is_async=True, job_name='frappe.core.doctype.scheduled_job_type.scheduled_job_type.run_scheduled_jo..., kwargs={'job_type': 'frappe.search.sqlite_search.build_index_if_not_exists'}, method='frappe.core.doctype.scheduled_job_type.scheduled_job_type.run_scheduled_jo..., site='coop.localhost', user='Administrator') (coop.localhost::scheduled_job::frappe.search.sqlite_search.build_index_if_not_exists)
2026-05-20 10:30:18,404 home-sjayp-Cooperative_manager-coop-bench:default: Job OK (coop.localhost::scheduled_job::frappe.search.sqlite_search.build_index_if_not_exists)
2026-05-20 10:30:18,404 Result is kept for 600 seconds
2026-05-20 10:30:18,414 home-sjayp-Cooperative_manager-coop-bench:default: frappe.utils.background_jobs.execute_job(event=None, is_async=True, job_name='frappe.core.doctype.scheduled_job_type.scheduled_job_type.run_scheduled_jo..., kwargs={'job_type': 'frappe.automation.doctype.reminder.reminder.send_reminders'}, method='frappe.core.doctype.scheduled_job_type.scheduled_job_type.run_scheduled_jo..., site='coop.localhost', user='Administrator') (coop.localhost::scheduled_job::frappe.automation.doctype.reminder.reminder.send_reminders)
2026-05-20 10:30:18,786 home-sjayp-Cooperative_manager-coop-bench:default: Job OK (coop.localhost::scheduled_job::frappe.automation.doctype.reminder.reminder.send_reminders)
2026-05-20 10:30:18,786 Result is kept for 600 seconds
2026-05-20 10:30:18,794 home-sjayp-Cooperative_manager-coop-bench:default: frappe.utils.background_jobs.execute_job(event=None, is_async=True, job_name='frappe.core.doctype.scheduled_job_type.scheduled_job_type.run_scheduled_jo..., kwargs={'job_type': 'frappe.email.doctype.email_account.email_account.notify_unrep..., method='frappe.core.doctype.scheduled_job_type.scheduled_job_type.run_scheduled_jo..., site='coop.localhost', user='Administrator') (coop.localhost::scheduled_job::frappe.email.doctype.email_account.email_account.notify_unreplied)
2026-05-20 10:30:19,127 home-sjayp-Cooperative_manager-coop-bench:default: Job OK (coop.localhost::scheduled_job::frappe.email.doctype.email_account.email_account.notify_unreplied)
2026-05-20 10:30:19,130 Result is kept for 600 seconds
2026-05-20 10:32:22,052 home-sjayp-Cooperative_manager-coop-bench:default: frappe.utils.background_jobs.execute_job(event=None, is_async=True, job_name='frappe.core.doctype.scheduled_job_type.scheduled_job_type.run_scheduled_jo..., kwargs={'job_type': 'frappe.monitor.flush'}, method='frappe.core.doctype.scheduled_job_type.scheduled_job_type.run_scheduled_jo..., site='coop.localhost', user='Administrator') (coop.localhost::scheduled_job::frappe.monitor.flush)
2026-05-20 10:32:22,713 home-sjayp-Cooperative_manager-coop-bench:default: Job OK (coop.localhost::scheduled_job::frappe.monitor.flush)
2026-05-20 10:32:22,714 Result is kept for 600 seconds
2026-05-20 10:32:22,740 home-sjayp-Cooperative_manager-coop-bench:default: frappe.utils.background_jobs.execute_job(event=None, is_async=True, job_name='frappe.core.doctype.scheduled_job_type.scheduled_job_type.run_scheduled_jo..., kwargs={'job_type': 'frappe.integrations.doctype.google_calendar.google_calendar.s..., method='frappe.core.doctype.scheduled_job_type.scheduled_job_type.run_scheduled_jo..., site='coop.localhost', user='Administrator') (coop.localhost::scheduled_job::frappe.integrations.doctype.google_calendar.google_calendar.sync)
2026-05-20 10:32:24,111 home-sjayp-Cooperative_manager-coop-bench:default: Job OK (coop.localhost::scheduled_job::frappe.integrations.doctype.google_calendar.google_calendar.sync)
2026-05-20 10:32:24,112 Result is kept for 600 seconds
2026-05-20 10:32:24,136 home-sjayp-Cooperative_manager-coop-bench:default: frappe.utils.background_jobs.execute_job(event=None, is_async=True, job_name='frappe.core.doctype.scheduled_job_type.scheduled_job_type.run_scheduled_jo..., kwargs={'job_type': 'frappe.email.queue.flush'}, method='frappe.core.doctype.scheduled_job_type.scheduled_job_type.run_scheduled_jo..., site='coop.localhost', user='Administrator') (coop.localhost::scheduled_job::frappe.email.queue.flush)
2026-05-20 10:32:25,372 home-sjayp-Cooperative_manager-coop-bench:default: Job OK (coop.localhost::scheduled_job::frappe.email.queue.flush)
2026-05-20 10:32:25,373 Result is kept for 600 seconds
2026-05-20 10:32:25,402 home-sjayp-Cooperative_manager-coop-bench:default: frappe.utils.background_jobs.execute_job(event=None, is_async=True, job_name='frappe.core.doctype.scheduled_job_type.scheduled_job_type.run_scheduled_jo..., kwargs={'job_type': 'frappe.email.queue.retry_sending_emails'}, method='frappe.core.doctype.scheduled_job_type.scheduled_job_type.run_scheduled_jo..., site='coop.localhost', user='Administrator') (coop.localhost::scheduled_job::frappe.email.queue.retry_sending_emails)
2026-05-20 10:32:26,659 home-sjayp-Cooperative_manager-coop-bench:default: Job OK (coop.localhost::scheduled_job::frappe.email.queue.retry_sending_emails)
2026-05-20 10:32:26,660 Result is kept for 600 seconds
2026-05-20 10:36:35,459 home-sjayp-Cooperative_manager-coop-bench:default: frappe.utils.background_jobs.execute_job(event=None, is_async=True, job_name='frappe.core.doctype.scheduled_job_type.scheduled_job_type.run_scheduled_jo..., kwargs={'job_type': 'frappe.monitor.flush'}, method='frappe.core.doctype.scheduled_job_type.scheduled_job_type.run_scheduled_jo..., site='coop.localhost', user='Administrator') (coop.localhost::scheduled_job::frappe.monitor.flush)
2026-05-20 10:36:35,611 home-sjayp-Cooperative_manager-coop-bench:default: Job OK (coop.localhost::scheduled_job::frappe.monitor.flush)
2026-05-20 10:36:35,612 Result is kept for 600 seconds
2026-05-20 10:36:35,619 home-sjayp-Cooperative_manager-coop-bench:default: frappe.utils.background_jobs.execute_job(event=None, is_async=True, job_name='frappe.core.doctype.scheduled_job_type.scheduled_job_type.run_scheduled_jo..., kwargs={'job_type': 'frappe.integrations.doctype.google_calendar.google_calendar.s..., method='frappe.core.doctype.scheduled_job_type.scheduled_job_type.run_scheduled_jo..., site='coop.localhost', user='Administrator') (coop.localhost::scheduled_job::frappe.integrations.doctype.google_calendar.google_calendar.sync)
2026-05-20 10:36:35,987 home-sjayp-Cooperative_manager-coop-bench:default: Job OK (coop.localhost::scheduled_job::frappe.integrations.doctype.google_calendar.google_calendar.sync)
2026-05-20 10:36:35,988 Result is kept for 600 seconds
2026-05-20 10:36:35,995 home-sjayp-Cooperative_manager-coop-bench:default: frappe.utils.background_jobs.execute_job(event=None, is_async=True, job_name='frappe.core.doctype.scheduled_job_type.scheduled_job_type.run_scheduled_jo..., kwargs={'job_type': 'frappe.email.queue.flush'}, method='frappe.core.doctype.scheduled_job_type.scheduled_job_type.run_scheduled_jo..., site='coop.localhost', user='Administrator') (coop.localhost::scheduled_job::frappe.email.queue.flush)
2026-05-20 10:36:36,321 home-sjayp-Cooperative_manager-coop-bench:default: Job OK (coop.localhost::scheduled_job::frappe.email.queue.flush)
2026-05-20 10:36:36,322 Result is kept for 600 seconds
2026-05-20 10:36:36,330 home-sjayp-Cooperative_manager-coop-bench:default: frappe.utils.background_jobs.execute_job(event=None, is_async=True, job_name='frappe.core.doctype.scheduled_job_type.scheduled_job_type.run_scheduled_jo..., kwargs={'job_type': 'frappe.email.queue.retry_sending_emails'}, method='frappe.core.doctype.scheduled_job_type.scheduled_job_type.run_scheduled_jo..., site='coop.localhost', user='Administrator') (coop.localhost::scheduled_job::frappe.email.queue.retry_sending_emails)
2026-05-20 10:36:36,717 home-sjayp-Cooperative_manager-coop-bench:default: Job OK (coop.localhost::scheduled_job::frappe.email.queue.retry_sending_emails)
2026-05-20 10:36:36,717 Result is kept for 600 seconds
2026-05-20 10:40:46,169 home-sjayp-Cooperative_manager-coop-bench:default: frappe.utils.background_jobs.execute_job(event=None, is_async=True, job_name='frappe.core.doctype.scheduled_job_type.scheduled_job_type.run_scheduled_jo..., kwargs={'job_type': 'frappe.monitor.flush'}, method='frappe.core.doctype.scheduled_job_type.scheduled_job_type.run_scheduled_jo..., site='coop.localhost', user='Administrator') (coop.localhost::scheduled_job::frappe.monitor.flush)
2026-05-20 10:40:46,335 home-sjayp-Cooperative_manager-coop-bench:default: Job OK (coop.localhost::scheduled_job::frappe.monitor.flush)
2026-05-20 10:40:46,335 Result is kept for 600 seconds
2026-05-20 10:40:46,346 Cleaning registries for queue: home-sjayp-Cooperative_manager-coop-bench:short
2026-05-20 10:40:46,353 Cleaning registries for queue: home-sjayp-Cooperative_manager-coop-bench:default
2026-05-20 10:40:46,355 Cleaning registries for queue: home-sjayp-Cooperative_manager-coop-bench:long
2026-05-20 10:40:46,359 home-sjayp-Cooperative_manager-coop-bench:default: frappe.utils.background_jobs.execute_job(event=None, is_async=True, job_name='frappe.core.doctype.scheduled_job_type.scheduled_job_type.run_scheduled_jo..., kwargs={'job_type': 'frappe.email.queue.retry_sending_emails'}, method='frappe.core.doctype.scheduled_job_type.scheduled_job_type.run_scheduled_jo..., site='coop.localhost', user='Administrator') (coop.localhost::scheduled_job::frappe.email.queue.retry_sending_emails)
2026-05-20 10:40:46,721 home-sjayp-Cooperative_manager-coop-bench:default: Job OK (coop.localhost::scheduled_job::frappe.email.queue.retry_sending_emails)
2026-05-20 10:40:46,721 Result is kept for 600 seconds
2026-05-20 10:40:46,730 home-sjayp-Cooperative_manager-coop-bench:default: frappe.utils.background_jobs.execute_job(event=None, is_async=True, job_name='frappe.core.doctype.scheduled_job_type.scheduled_job_type.run_scheduled_jo..., kwargs={'job_type': 'frappe.email.queue.flush'}, method='frappe.core.doctype.scheduled_job_type.scheduled_job_type.run_scheduled_jo..., site='coop.localhost', user='Administrator') (coop.localhost::scheduled_job::frappe.email.queue.flush)
2026-05-20 10:40:47,111 home-sjayp-Cooperative_manager-coop-bench:default: Job OK (coop.localhost::scheduled_job::frappe.email.queue.flush)
2026-05-20 10:40:47,111 Result is kept for 600 seconds
2026-05-20 10:40:47,121 home-sjayp-Cooperative_manager-coop-bench:default: frappe.utils.background_jobs.execute_job(event=None, is_async=True, job_name='frappe.core.doctype.scheduled_job_type.scheduled_job_type.run_scheduled_jo..., kwargs={'job_type': 'frappe.integrations.doctype.google_calendar.google_calendar.s..., method='frappe.core.doctype.scheduled_job_type.scheduled_job_type.run_scheduled_jo..., site='coop.localhost', user='Administrator') (coop.localhost::scheduled_job::frappe.integrations.doctype.google_calendar.google_calendar.sync)
2026-05-20 10:40:47,535 home-sjayp-Cooperative_manager-coop-bench:default: Job OK (coop.localhost::scheduled_job::frappe.integrations.doctype.google_calendar.google_calendar.sync)
2026-05-20 10:40:47,535 Result is kept for 600 seconds
2026-05-20 10:40:47,542 home-sjayp-Cooperative_manager-coop-bench:default: frappe.utils.background_jobs.execute_job(event=None, is_async=True, job_name='frappe.core.doctype.scheduled_job_type.scheduled_job_type.run_scheduled_jo..., kwargs={'job_type': 'frappe.email.doctype.email_account.email_account.pull'}, method='frappe.core.doctype.scheduled_job_type.scheduled_job_type.run_scheduled_jo..., site='coop.localhost', user='Administrator') (coop.localhost::scheduled_job::frappe.email.doctype.email_account.email_account.pull)
2026-05-20 10:40:48,016 home-sjayp-Cooperative_manager-coop-bench:default: Job OK (coop.localhost::scheduled_job::frappe.email.doctype.email_account.email_account.pull)
2026-05-20 10:40:48,016 Result is kept for 600 seconds
2026-05-20 10:44:55,086 home-sjayp-Cooperative_manager-coop-bench:default: frappe.utils.background_jobs.execute_job(event=None, is_async=True, job_name='frappe.core.doctype.scheduled_job_type.scheduled_job_type.run_scheduled_jo..., kwargs={'job_type': 'frappe.email.queue.retry_sending_emails'}, method='frappe.core.doctype.scheduled_job_type.scheduled_job_type.run_scheduled_jo..., site='coop.localhost', user='Administrator') (coop.localhost::scheduled_job::frappe.email.queue.retry_sending_emails)
2026-05-20 10:44:55,482 home-sjayp-Cooperative_manager-coop-bench:default: Job OK (coop.localhost::scheduled_job::frappe.email.queue.retry_sending_emails)
2026-05-20 10:44:55,482 Result is kept for 600 seconds
2026-05-20 10:44:55,491 home-sjayp-Cooperative_manager-coop-bench:default: frappe.utils.background_jobs.execute_job(event=None, is_async=True, job_name='frappe.core.doctype.scheduled_job_type.scheduled_job_type.run_scheduled_jo..., kwargs={'job_type': 'frappe.monitor.flush'}, method='frappe.core.doctype.scheduled_job_type.scheduled_job_type.run_scheduled_jo..., site='coop.localhost', user='Administrator') (coop.localhost::scheduled_job::frappe.monitor.flush)
2026-05-20 10:44:55,646 home-sjayp-Cooperative_manager-coop-bench:default: Job OK (coop.localhost::scheduled_job::frappe.monitor.flush)
2026-05-20 10:44:55,646 Result is kept for 600 seconds
2026-05-20 10:44:55,654 home-sjayp-Cooperative_manager-coop-bench:default: frappe.utils.background_jobs.execute_job(event=None, is_async=True, job_name='frappe.core.doctype.scheduled_job_type.scheduled_job_type.run_scheduled_jo..., kwargs={'job_type': 'frappe.integrations.doctype.google_calendar.google_calendar.s..., method='frappe.core.doctype.scheduled_job_type.scheduled_job_type.run_scheduled_jo..., site='coop.localhost', user='Administrator') (coop.localhost::scheduled_job::frappe.integrations.doctype.google_calendar.google_calendar.sync)
2026-05-20 10:44:56,107 home-sjayp-Cooperative_manager-coop-bench:default: Job OK (coop.localhost::scheduled_job::frappe.integrations.doctype.google_calendar.google_calendar.sync)
2026-05-20 10:44:56,108 Result is kept for 600 seconds
2026-05-20 10:44:56,116 home-sjayp-Cooperative_manager-coop-bench:default: frappe.utils.background_jobs.execute_job(event=None, is_async=True, job_name='frappe.core.doctype.scheduled_job_type.scheduled_job_type.run_scheduled_jo..., kwargs={'job_type': 'frappe.email.queue.flush'}, method='frappe.core.doctype.scheduled_job_type.scheduled_job_type.run_scheduled_jo..., site='coop.localhost', user='Administrator') (coop.localhost::scheduled_job::frappe.email.queue.flush)
2026-05-20 10:44:56,440 home-sjayp-Cooperative_manager-coop-bench:default: Job OK (coop.localhost::scheduled_job::frappe.email.queue.flush)
2026-05-20 10:44:56,440 Result is kept for 600 seconds
2026-05-20 10:45:57,799 home-sjayp-Cooperative_manager-coop-bench:default: frappe.utils.background_jobs.execute_job(event=None, is_async=True, job_name='frappe.core.doctype.scheduled_job_type.scheduled_job_type.run_scheduled_jo..., kwargs={'job_type': 'frappe.model.utils.link_count.update_link_count'}, method='frappe.core.doctype.scheduled_job_type.scheduled_job_type.run_scheduled_jo..., site='coop.localhost', user='Administrator') (coop.localhost::scheduled_job::frappe.model.utils.link_count.update_link_count)
2026-05-20 10:45:58,016 home-sjayp-Cooperative_manager-coop-bench:default: Job OK (coop.localhost::scheduled_job::frappe.model.utils.link_count.update_link_count)
2026-05-20 10:45:58,016 Result is kept for 600 seconds
2026-05-20 10:45:58,022 home-sjayp-Cooperative_manager-coop-bench:default: frappe.utils.background_jobs.execute_job(event=None, is_async=True, job_name='frappe.core.doctype.scheduled_job_type.scheduled_job_type.run_scheduled_jo..., kwargs={'job_type': 'frappe.email.doctype.email_account.email_account.notify_unrep..., method='frappe.core.doctype.scheduled_job_type.scheduled_job_type.run_scheduled_jo..., site='coop.localhost', user='Administrator') (coop.localhost::scheduled_job::frappe.email.doctype.email_account.email_account.notify_unreplied)
2026-05-20 10:45:58,238 home-sjayp-Cooperative_manager-coop-bench:default: Job OK (coop.localhost::scheduled_job::frappe.email.doctype.email_account.email_account.notify_unreplied)
2026-05-20 10:45:58,239 Result is kept for 600 seconds
2026-05-20 10:45:58,245 home-sjayp-Cooperative_manager-coop-bench:default: frappe.utils.background_jobs.execute_job(event=None, is_async=True, job_name='frappe.core.doctype.scheduled_job_type.scheduled_job_type.run_scheduled_jo..., kwargs={'job_type': 'frappe.automation.doctype.reminder.reminder.send_reminders'}, method='frappe.core.doctype.scheduled_job_type.scheduled_job_type.run_scheduled_jo..., site='coop.localhost', user='Administrator') (coop.localhost::scheduled_job::frappe.automation.doctype.reminder.reminder.send_reminders)
2026-05-20 10:45:58,505 home-sjayp-Cooperative_manager-coop-bench:default: Job OK (coop.localhost::scheduled_job::frappe.automation.doctype.reminder.reminder.send_reminders)
2026-05-20 10:45:58,505 Result is kept for 600 seconds
2026-05-20 10:45:58,514 home-sjayp-Cooperative_manager-coop-bench:default: frappe.utils.background_jobs.execute_job(event=None, is_async=True, job_name='frappe.core.doctype.scheduled_job_type.scheduled_job_type.run_scheduled_jo..., kwargs={'job_type': 'frappe.deferred_insert.save_to_db'}, method='frappe.core.doctype.scheduled_job_type.scheduled_job_type.run_scheduled_jo..., site='coop.localhost', user='Administrator') (coop.localhost::scheduled_job::frappe.deferred_insert.save_to_db)
2026-05-20 10:45:58,778 home-sjayp-Cooperative_manager-coop-bench:default: Job OK (coop.localhost::scheduled_job::frappe.deferred_insert.save_to_db)
2026-05-20 10:45:58,778 Result is kept for 600 seconds
2026-05-20 10:45:58,786 home-sjayp-Cooperative_manager-coop-bench:default: frappe.utils.background_jobs.execute_job(event=None, is_async=True, job_name='frappe.core.doctype.scheduled_job_type.scheduled_job_type.run_scheduled_jo..., kwargs={'job_type': 'frappe.utils.global_search.sync_global_search'}, method='frappe.core.doctype.scheduled_job_type.scheduled_job_type.run_scheduled_jo..., site='coop.localhost', user='Administrator') (coop.localhost::scheduled_job::frappe.utils.global_search.sync_global_search)
2026-05-20 10:45:58,998 home-sjayp-Cooperative_manager-coop-bench:default: Job OK (coop.localhost::scheduled_job::frappe.utils.global_search.sync_global_search)
2026-05-20 10:45:58,998 Result is kept for 600 seconds
2026-05-20 10:45:59,006 home-sjayp-Cooperative_manager-coop-bench:default: frappe.utils.background_jobs.execute_job(event=None, is_async=True, job_name='frappe.core.doctype.scheduled_job_type.scheduled_job_type.run_scheduled_jo..., kwargs={'job_type': 'frappe.search.sqlite_search.build_index_if_not_exists'}, method='frappe.core.doctype.scheduled_job_type.scheduled_job_type.run_scheduled_jo..., site='coop.localhost', user='Administrator') (coop.localhost::scheduled_job::frappe.search.sqlite_search.build_index_if_not_exists)
2026-05-20 10:45:59,200 home-sjayp-Cooperative_manager-coop-bench:default: Job OK (coop.localhost::scheduled_job::frappe.search.sqlite_search.build_index_if_not_exists)
2026-05-20 10:45:59,200 Result is kept for 600 seconds
2026-05-20 10:45:59,207 home-sjayp-Cooperative_manager-coop-bench:default: frappe.utils.background_jobs.execute_job(event=None, is_async=True, job_name='frappe.core.doctype.scheduled_job_type.scheduled_job_type.run_scheduled_jo..., kwargs={'job_type': 'frappe.utils.telemetry.pulse.client.send_queued_events'}, method='frappe.core.doctype.scheduled_job_type.scheduled_job_type.run_scheduled_jo..., site='coop.localhost', user='Administrator') (coop.localhost::scheduled_job::frappe.utils.telemetry.pulse.client.send_queued_events)
2026-05-20 10:45:59,442 home-sjayp-Cooperative_manager-coop-bench:default: Job OK (coop.localhost::scheduled_job::frappe.utils.telemetry.pulse.client.send_queued_events)
2026-05-20 10:45:59,442 Result is kept for 600 seconds
2026-05-20 10:48:04,386 home-sjayp-Cooperative_manager-coop-bench:default: frappe.utils.background_jobs.execute_job(event=None, is_async=True, job_name='frappe.core.doctype.scheduled_job_type.scheduled_job_type.run_scheduled_jo..., kwargs={'job_type': 'frappe.monitor.flush'}, method='frappe.core.doctype.scheduled_job_type.scheduled_job_type.run_scheduled_jo..., site='coop.localhost', user='Administrator') (coop.localhost::scheduled_job::frappe.monitor.flush)
2026-05-20 10:48:04,576 home-sjayp-Cooperative_manager-coop-bench:default: Job OK (coop.localhost::scheduled_job::frappe.monitor.flush)
2026-05-20 10:48:04,576 Result is kept for 600 seconds
2026-05-20 10:48:04,585 home-sjayp-Cooperative_manager-coop-bench:default: frappe.utils.background_jobs.execute_job(event=None, is_async=True, job_name='frappe.core.doctype.scheduled_job_type.scheduled_job_type.run_scheduled_jo..., kwargs={'job_type': 'frappe.integrations.doctype.google_calendar.google_calendar.s..., method='frappe.core.doctype.scheduled_job_type.scheduled_job_type.run_scheduled_jo..., site='coop.localhost', user='Administrator') (coop.localhost::scheduled_job::frappe.integrations.doctype.google_calendar.google_calendar.sync)
2026-05-20 10:48:05,053 home-sjayp-Cooperative_manager-coop-bench:default: Job OK (coop.localhost::scheduled_job::frappe.integrations.doctype.google_calendar.google_calendar.sync)
2026-05-20 10:48:05,053 Result is kept for 600 seconds
2026-05-20 10:48:05,060 home-sjayp-Cooperative_manager-coop-bench:default: frappe.utils.background_jobs.execute_job(event=None, is_async=True, job_name='frappe.core.doctype.scheduled_job_type.scheduled_job_type.run_scheduled_jo..., kwargs={'job_type': 'frappe.email.queue.retry_sending_emails'}, method='frappe.core.doctype.scheduled_job_type.scheduled_job_type.run_scheduled_jo..., site='coop.localhost', user='Administrator') (coop.localhost::scheduled_job::frappe.email.queue.retry_sending_emails)
2026-05-20 10:48:05,393 home-sjayp-Cooperative_manager-coop-bench:default: Job OK (coop.localhost::scheduled_job::frappe.email.queue.retry_sending_emails)
2026-05-20 10:48:05,393 Result is kept for 600 seconds
2026-05-20 10:48:05,400 home-sjayp-Cooperative_manager-coop-bench:default: frappe.utils.background_jobs.execute_job(event=None, is_async=True, job_name='frappe.core.doctype.scheduled_job_type.scheduled_job_type.run_scheduled_jo..., kwargs={'job_type': 'frappe.email.queue.flush'}, method='frappe.core.doctype.scheduled_job_type.scheduled_job_type.run_scheduled_jo..., site='coop.localhost', user='Administrator') (coop.localhost::scheduled_job::frappe.email.queue.flush)
2026-05-20 10:48:05,720 home-sjayp-Cooperative_manager-coop-bench:default: Job OK (coop.localhost::scheduled_job::frappe.email.queue.flush)
2026-05-20 10:48:05,721 Result is kept for 600 seconds
2026-05-20 10:49:23,437 home-sjayp-Cooperative_manager-coop-bench:long: frappe.utils.background_jobs.execute_job(event=None, is_async=True, job_name='frappe.search.website_search.build_index_for_all_routes', kwargs={}, method=<function build_index_for_all_routes at 0x76a64627fec0>, site='coop.localhost', user='Administrator') (coop.localhost::a0097ab3-ad46-47f2-998d-a9a7f4daf1d5)
Retrieving Routes                   : [=                                       ] 3%Retrieving Routes                   : [==                                      ] 6%Retrieving Routes                   : [===                                     ] 9%Retrieving Routes                   : [=====                                   ] 12%Retrieving Routes                   : [======                                  ] 16%Retrieving Routes                   : [=======                                 ] 19%Retrieving Routes                   : [=========                               ] 22%Retrieving Routes                   : [==========                              ] 25%Retrieving Routes                   : [===========                             ] 29%Retrieving Routes                   : [============                            ] 32%Retrieving Routes                   : [==============                          ] 35%Retrieving Routes                   : [===============                         ] 38%Retrieving Routes                   : [================                        ] 41%Retrieving Routes                   : [==================                      ] 45%Retrieving Routes                   : [===================                     ] 48%Retrieving Routes                   : [====================                    ] 51%Retrieving Routes                   : [=====================                   ] 54%Retrieving Routes                   : [=======================                 ] 58%Retrieving Routes                   : [========================                ] 61%Retrieving Routes                   : [=========================               ] 64%Retrieving Routes                   : [===========================             ] 67%Retrieving Routes                   : [============================            ] 70%Retrieving Routes                   : [=============================           ] 74%Retrieving Routes                   : [==============================          ] 77%Retrieving Routes                   : [================================        ] 80%Retrieving Routes                   : [=================================       ] 83%Retrieving Routes                   : [==================================      ] 87%Retrieving Routes                   : [====================================    ] 90%Retrieving Routes                   : [=====================================   ] 93%Retrieving Routes                   : [======================================  ] 96%Retrieving Routes                   : [========================================] 100%
Building Index                      : [=                                       ] 3%Building Index                      : [==                                      ] 6%Building Index                      : [===                                     ] 9%Building Index                      : [=====                                   ] 12%Building Index                      : [======                                  ] 16%Building Index                      : [=======                                 ] 19%Building Index                      : [=========                               ] 22%Building Index                      : [==========                              ] 25%Building Index                      : [===========                             ] 29%Building Index                      : [============                            ] 32%Building Index                      : [==============                          ] 35%Building Index                      : [===============                         ] 38%Building Index                      : [================                        ] 41%Building Index                      : [==================                      ] 45%Building Index                      : [===================                     ] 48%Building Index                      : [====================                    ] 51%Building Index                      : [=====================                   ] 54%Building Index                      : [=======================                 ] 58%Building Index                      : [========================                ] 61%Building Index                      : [=========================               ] 64%Building Index                      : [===========================             ] 67%Building Index                      : [============================            ] 70%Building Index                      : [=============================           ] 74%Building Index                      : [==============================          ] 77%Building Index                      : [================================        ] 80%Building Index                      : [=================================       ] 83%Building Index                      : [==================================      ] 87%Building Index                      : [====================================    ] 90%Building Index                      : [=====================================   ] 93%Building Index                      : [======================================  ] 96%Building Index                      : [========================================] 100%2026-05-20 10:49:35,513 home-sjayp-Cooperative_manager-coop-bench:long: Job OK (coop.localhost::a0097ab3-ad46-47f2-998d-a9a7f4daf1d5)
2026-05-20 10:49:35,513 Result is kept for 600 seconds
2026-05-20 10:49:56,046 Worker e1528331d01b419d97c773bc88cd91aa [PID 31550]: warm shut down requested
2026-05-20 10:50:05,167 Worker rq:worker:312e29ef66f24b33ac95f511376720a4 started with PID 37786, version 1.15.1
2026-05-20 10:50:05,167 Subscribing to channel rq:pubsub:312e29ef66f24b33ac95f511376720a4
2026-05-20 10:50:05,169 *** Listening on home-sjayp-Cooperative_manager-coop-bench:short, home-sjayp-Cooperative_manager-coop-bench:default, home-sjayp-Cooperative_manager-coop-bench:long...
2026-05-20 10:51:07,904 home-sjayp-Cooperative_manager-coop-bench:default: frappe.utils.background_jobs.execute_job(event=None, is_async=True, job_name='frappe.core.doctype.scheduled_job_type.scheduled_job_type.run_scheduled_jo..., kwargs={'job_type': 'frappe.email.doctype.email_account.email_account.pull'}, method='frappe.core.doctype.scheduled_job_type.scheduled_job_type.run_scheduled_jo..., site='coop.localhost', user='Administrator') (coop.localhost::scheduled_job::frappe.email.doctype.email_account.email_account.pull)
2026-05-20 10:51:11,965 home-sjayp-Cooperative_manager-coop-bench:default: Job OK (coop.localhost::scheduled_job::frappe.email.doctype.email_account.email_account.pull)
2026-05-20 10:51:11,969 Result is kept for 600 seconds
2026-05-20 10:52:11,585 home-sjayp-Cooperative_manager-coop-bench:default: frappe.utils.background_jobs.execute_job(event=None, is_async=True, job_name='frappe.core.doctype.scheduled_job_type.scheduled_job_type.run_scheduled_jo..., kwargs={'job_type': 'frappe.monitor.flush'}, method='frappe.core.doctype.scheduled_job_type.scheduled_job_type.run_scheduled_jo..., site='coop.localhost', user='Administrator') (coop.localhost::scheduled_job::frappe.monitor.flush)
2026-05-20 10:52:11,859 home-sjayp-Cooperative_manager-coop-bench:default: Job OK (coop.localhost::scheduled_job::frappe.monitor.flush)
2026-05-20 10:52:11,859 Result is kept for 600 seconds
2026-05-20 10:52:11,866 home-sjayp-Cooperative_manager-coop-bench:default: frappe.utils.background_jobs.execute_job(event=None, is_async=True, job_name='frappe.core.doctype.scheduled_job_type.scheduled_job_type.run_scheduled_jo..., kwargs={'job_type': 'frappe.email.queue.flush'}, method='frappe.core.doctype.scheduled_job_type.scheduled_job_type.run_scheduled_jo..., site='coop.localhost', user='Administrator') (coop.localhost::scheduled_job::frappe.email.queue.flush)
2026-05-20 10:52:12,515 home-sjayp-Cooperative_manager-coop-bench:default: Job OK (coop.localhost::scheduled_job::frappe.email.queue.flush)
2026-05-20 10:52:12,516 Result is kept for 600 seconds
2026-05-20 10:52:12,526 home-sjayp-Cooperative_manager-coop-bench:default: frappe.utils.background_jobs.execute_job(event=None, is_async=True, job_name='frappe.core.doctype.scheduled_job_type.scheduled_job_type.run_scheduled_jo..., kwargs={'job_type': 'frappe.email.queue.retry_sending_emails'}, method='frappe.core.doctype.scheduled_job_type.scheduled_job_type.run_scheduled_jo..., site='coop.localhost', user='Administrator') (coop.localhost::scheduled_job::frappe.email.queue.retry_sending_emails)
2026-05-20 10:52:12,989 home-sjayp-Cooperative_manager-coop-bench:default: Job OK (coop.localhost::scheduled_job::frappe.email.queue.retry_sending_emails)
2026-05-20 10:52:12,989 Result is kept for 600 seconds
2026-05-20 10:52:12,999 home-sjayp-Cooperative_manager-coop-bench:default: frappe.utils.background_jobs.execute_job(event=None, is_async=True, job_name='frappe.core.doctype.scheduled_job_type.scheduled_job_type.run_scheduled_jo..., kwargs={'job_type': 'frappe.integrations.doctype.google_calendar.google_calendar.s..., method='frappe.core.doctype.scheduled_job_type.scheduled_job_type.run_scheduled_jo..., site='coop.localhost', user='Administrator') (coop.localhost::scheduled_job::frappe.integrations.doctype.google_calendar.google_calendar.sync)
2026-05-20 10:52:13,474 home-sjayp-Cooperative_manager-coop-bench:default: Job OK (coop.localhost::scheduled_job::frappe.integrations.doctype.google_calendar.google_calendar.sync)
2026-05-20 10:52:13,475 Result is kept for 600 seconds
2026-05-20 10:54:50,922 home-sjayp-Cooperative_manager-coop-bench:long: frappe.utils.background_jobs.execute_job(event=None, is_async=True, job_name='frappe.search.website_search.build_index_for_all_routes', kwargs={}, method=<function build_index_for_all_routes at 0x7f256ca7be20>, site='coop.localhost', user='Administrator') (coop.localhost::807276d8-eb38-4d8e-b275-d7624d073fe7)
Retrieving Routes                   : [=                                       ] 3%Retrieving Routes                   : [==                                      ] 6%Retrieving Routes                   : [===                                     ] 9%Retrieving Routes                   : [=====                                   ] 12%Retrieving Routes                   : [======                                  ] 16%Retrieving Routes                   : [=======                                 ] 19%Retrieving Routes                   : [=========                               ] 22%Retrieving Routes                   : [==========                              ] 25%Retrieving Routes                   : [===========                             ] 29%Retrieving Routes                   : [============                            ] 32%Retrieving Routes                   : [==============                          ] 35%Retrieving Routes                   : [===============                         ] 38%Retrieving Routes                   : [================                        ] 41%Retrieving Routes                   : [==================                      ] 45%Retrieving Routes                   : [===================                     ] 48%Retrieving Routes                   : [====================                    ] 51%Retrieving Routes                   : [=====================                   ] 54%Retrieving Routes                   : [=======================                 ] 58%Retrieving Routes                   : [========================                ] 61%Retrieving Routes                   : [=========================               ] 64%Retrieving Routes                   : [===========================             ] 67%Retrieving Routes                   : [============================            ] 70%Retrieving Routes                   : [=============================           ] 74%Retrieving Routes                   : [==============================          ] 77%Retrieving Routes                   : [================================        ] 80%Retrieving Routes                   : [=================================       ] 83%Retrieving Routes                   : [==================================      ] 87%Retrieving Routes                   : [====================================    ] 90%Retrieving Routes                   : [=====================================   ] 93%Retrieving Routes                   : [======================================  ] 96%Retrieving Routes                   : [========================================] 100%
Building Index                      : [=                                       ] 3%Building Index                      : [==                                      ] 6%Building Index                      : [===                                     ] 9%Building Index                      : [=====                                   ] 12%Building Index                      : [======                                  ] 16%Building Index                      : [=======                                 ] 19%Building Index                      : [=========                               ] 22%Building Index                      : [==========                              ] 25%Building Index                      : [===========                             ] 29%Building Index                      : [============                            ] 32%Building Index                      : [==============                          ] 35%Building Index                      : [===============                         ] 38%Building Index                      : [================                        ] 41%Building Index                      : [==================                      ] 45%Building Index                      : [===================                     ] 48%Building Index                      : [====================                    ] 51%Building Index                      : [=====================                   ] 54%Building Index                      : [=======================                 ] 58%Building Index                      : [========================                ] 61%Building Index                      : [=========================               ] 64%Building Index                      : [===========================             ] 67%Building Index                      : [============================            ] 70%Building Index                      : [=============================           ] 74%Building Index                      : [==============================          ] 77%Building Index                      : [================================        ] 80%Building Index                      : [=================================       ] 83%Building Index                      : [==================================      ] 87%Building Index                      : [====================================    ] 90%Building Index                      : [=====================================   ] 93%Building Index                      : [======================================  ] 96%Building Index                      : [========================================] 100%2026-05-20 10:55:03,181 home-sjayp-Cooperative_manager-coop-bench:long: Job OK (coop.localhost::807276d8-eb38-4d8e-b275-d7624d073fe7)
2026-05-20 10:55:03,181 Result is kept for 600 seconds
2026-05-20 10:56:22,073 home-sjayp-Cooperative_manager-coop-bench:default: frappe.utils.background_jobs.execute_job(event=None, is_async=True, job_name='frappe.core.doctype.scheduled_job_type.scheduled_job_type.run_scheduled_jo..., kwargs={'job_type': 'frappe.monitor.flush'}, method='frappe.core.doctype.scheduled_job_type.scheduled_job_type.run_scheduled_jo..., site='coop.localhost', user='Administrator') (coop.localhost::scheduled_job::frappe.monitor.flush)
2026-05-20 10:56:22,376 home-sjayp-Cooperative_manager-coop-bench:default: Job OK (coop.localhost::scheduled_job::frappe.monitor.flush)
2026-05-20 10:56:22,376 Result is kept for 600 seconds
2026-05-20 10:56:22,382 home-sjayp-Cooperative_manager-coop-bench:default: frappe.utils.background_jobs.execute_job(event=None, is_async=True, job_name='frappe.core.doctype.scheduled_job_type.scheduled_job_type.run_scheduled_jo..., kwargs={'job_type': 'frappe.email.queue.retry_sending_emails'}, method='frappe.core.doctype.scheduled_job_type.scheduled_job_type.run_scheduled_jo..., site='coop.localhost', user='Administrator') (coop.localhost::scheduled_job::frappe.email.queue.retry_sending_emails)
2026-05-20 10:56:22,783 home-sjayp-Cooperative_manager-coop-bench:default: Job OK (coop.localhost::scheduled_job::frappe.email.queue.retry_sending_emails)
2026-05-20 10:56:22,783 Result is kept for 600 seconds
2026-05-20 10:56:22,794 home-sjayp-Cooperative_manager-coop-bench:default: frappe.utils.background_jobs.execute_job(event=None, is_async=True, job_name='frappe.core.doctype.scheduled_job_type.scheduled_job_type.run_scheduled_jo..., kwargs={'job_type': 'frappe.integrations.doctype.google_calendar.google_calendar.s..., method='frappe.core.doctype.scheduled_job_type.scheduled_job_type.run_scheduled_jo..., site='coop.localhost', user='Administrator') (coop.localhost::scheduled_job::frappe.integrations.doctype.google_calendar.google_calendar.sync)
2026-05-20 10:56:23,275 home-sjayp-Cooperative_manager-coop-bench:default: Job OK (coop.localhost::scheduled_job::frappe.integrations.doctype.google_calendar.google_calendar.sync)
2026-05-20 10:56:23,275 Result is kept for 600 seconds
2026-05-20 10:56:23,281 home-sjayp-Cooperative_manager-coop-bench:default: frappe.utils.background_jobs.execute_job(event=None, is_async=True, job_name='frappe.core.doctype.scheduled_job_type.scheduled_job_type.run_scheduled_jo..., kwargs={'job_type': 'frappe.email.queue.flush'}, method='frappe.core.doctype.scheduled_job_type.scheduled_job_type.run_scheduled_jo..., site='coop.localhost', user='Administrator') (coop.localhost::scheduled_job::frappe.email.queue.flush)
2026-05-20 10:56:23,683 home-sjayp-Cooperative_manager-coop-bench:default: Job OK (coop.localhost::scheduled_job::frappe.email.queue.flush)
2026-05-20 10:56:23,683 Result is kept for 600 seconds
2026-05-20 11:00:30,335 home-sjayp-Cooperative_manager-coop-bench:default: frappe.utils.background_jobs.execute_job(event=None, is_async=True, job_name='frappe.core.doctype.scheduled_job_type.scheduled_job_type.run_scheduled_jo..., kwargs={'job_type': 'frappe.email.queue.flush'}, method='frappe.core.doctype.scheduled_job_type.scheduled_job_type.run_scheduled_jo..., site='coop.localhost', user='Administrator') (coop.localhost::scheduled_job::frappe.email.queue.flush)
2026-05-20 11:00:30,650 home-sjayp-Cooperative_manager-coop-bench:default: Job OK (coop.localhost::scheduled_job::frappe.email.queue.flush)
2026-05-20 11:00:30,650 Result is kept for 600 seconds
2026-05-20 11:00:30,659 Cleaning registries for queue: home-sjayp-Cooperative_manager-coop-bench:short
2026-05-20 11:00:30,664 Cleaning registries for queue: home-sjayp-Cooperative_manager-coop-bench:default
2026-05-20 11:00:30,667 Cleaning registries for queue: home-sjayp-Cooperative_manager-coop-bench:long
2026-05-20 11:00:30,671 home-sjayp-Cooperative_manager-coop-bench:default: frappe.utils.background_jobs.execute_job(event=None, is_async=True, job_name='frappe.core.doctype.scheduled_job_type.scheduled_job_type.run_scheduled_jo..., kwargs={'job_type': 'frappe.search.sqlite_search.build_index_if_not_exists'}, method='frappe.core.doctype.scheduled_job_type.scheduled_job_type.run_scheduled_jo..., site='coop.localhost', user='Administrator') (coop.localhost::scheduled_job::frappe.search.sqlite_search.build_index_if_not_exists)
2026-05-20 11:00:30,925 home-sjayp-Cooperative_manager-coop-bench:default: Job OK (coop.localhost::scheduled_job::frappe.search.sqlite_search.build_index_if_not_exists)
2026-05-20 11:00:30,925 Result is kept for 600 seconds
2026-05-20 11:00:30,932 home-sjayp-Cooperative_manager-coop-bench:default: frappe.utils.background_jobs.execute_job(event=None, is_async=True, job_name='frappe.core.doctype.scheduled_job_type.scheduled_job_type.run_scheduled_jo..., kwargs={'job_type': 'frappe.utils.global_search.sync_global_search'}, method='frappe.core.doctype.scheduled_job_type.scheduled_job_type.run_scheduled_jo..., site='coop.localhost', user='Administrator') (coop.localhost::scheduled_job::frappe.utils.global_search.sync_global_search)
2026-05-20 11:00:31,117 home-sjayp-Cooperative_manager-coop-bench:default: Job OK (coop.localhost::scheduled_job::frappe.utils.global_search.sync_global_search)
2026-05-20 11:00:31,117 Result is kept for 600 seconds
2026-05-20 11:00:31,124 home-sjayp-Cooperative_manager-coop-bench:default: frappe.utils.background_jobs.execute_job(event=None, is_async=True, job_name='frappe.core.doctype.scheduled_job_type.scheduled_job_type.run_scheduled_jo..., kwargs={'job_type': 'frappe.deferred_insert.save_to_db'}, method='frappe.core.doctype.scheduled_job_type.scheduled_job_type.run_scheduled_jo..., site='coop.localhost', user='Administrator') (coop.localhost::scheduled_job::frappe.deferred_insert.save_to_db)
2026-05-20 11:00:31,315 home-sjayp-Cooperative_manager-coop-bench:default: Job OK (coop.localhost::scheduled_job::frappe.deferred_insert.save_to_db)
2026-05-20 11:00:31,316 Result is kept for 600 seconds
2026-05-20 11:00:31,323 home-sjayp-Cooperative_manager-coop-bench:default: frappe.utils.background_jobs.execute_job(event=None, is_async=True, job_name='frappe.core.doctype.scheduled_job_type.scheduled_job_type.run_scheduled_jo..., kwargs={'job_type': 'frappe.email.doctype.newsletter.newsletter.send_scheduled_ema..., method='frappe.core.doctype.scheduled_job_type.scheduled_job_type.run_scheduled_jo..., site='coop.localhost', user='Administrator') (coop.localhost::scheduled_job::frappe.email.doctype.newsletter.newsletter.send_scheduled_email)
2026-05-20 11:00:31,527 home-sjayp-Cooperative_manager-coop-bench:default: Job OK (coop.localhost::scheduled_job::frappe.email.doctype.newsletter.newsletter.send_scheduled_email)
2026-05-20 11:00:31,528 Result is kept for 600 seconds
2026-05-20 11:00:31,535 home-sjayp-Cooperative_manager-coop-bench:default: frappe.utils.background_jobs.execute_job(event=None, is_async=True, job_name='frappe.core.doctype.scheduled_job_type.scheduled_job_type.run_scheduled_jo..., kwargs={'job_type': 'frappe.utils.telemetry.pulse.client.send_queued_events'}, method='frappe.core.doctype.scheduled_job_type.scheduled_job_type.run_scheduled_jo..., site='coop.localhost', user='Administrator') (coop.localhost::scheduled_job::frappe.utils.telemetry.pulse.client.send_queued_events)
2026-05-20 11:00:31,744 home-sjayp-Cooperative_manager-coop-bench:default: Job OK (coop.localhost::scheduled_job::frappe.utils.telemetry.pulse.client.send_queued_events)
2026-05-20 11:00:31,745 Result is kept for 600 seconds
2026-05-20 11:00:31,752 home-sjayp-Cooperative_manager-coop-bench:default: frappe.utils.background_jobs.execute_job(event=None, is_async=True, job_name='frappe.core.doctype.scheduled_job_type.scheduled_job_type.run_scheduled_jo..., kwargs={'job_type': 'frappe.model.utils.link_count.update_link_count'}, method='frappe.core.doctype.scheduled_job_type.scheduled_job_type.run_scheduled_jo..., site='coop.localhost', user='Administrator') (coop.localhost::scheduled_job::frappe.model.utils.link_count.update_link_count)
2026-05-20 11:00:31,949 home-sjayp-Cooperative_manager-coop-bench:default: Job OK (coop.localhost::scheduled_job::frappe.model.utils.link_count.update_link_count)
2026-05-20 11:00:31,949 Result is kept for 600 seconds
2026-05-20 11:00:31,958 home-sjayp-Cooperative_manager-coop-bench:default: frappe.utils.background_jobs.execute_job(event=None, is_async=True, job_name='frappe.core.doctype.scheduled_job_type.scheduled_job_type.run_scheduled_jo..., kwargs={'job_type': 'frappe.integrations.doctype.google_calendar.google_calendar.s..., method='frappe.core.doctype.scheduled_job_type.scheduled_job_type.run_scheduled_jo..., site='coop.localhost', user='Administrator') (coop.localhost::scheduled_job::frappe.integrations.doctype.google_calendar.google_calendar.sync)
2026-05-20 11:00:32,279 home-sjayp-Cooperative_manager-coop-bench:default: Job OK (coop.localhost::scheduled_job::frappe.integrations.doctype.google_calendar.google_calendar.sync)
2026-05-20 11:00:32,279 Result is kept for 600 seconds
2026-05-20 11:00:32,288 home-sjayp-Cooperative_manager-coop-bench:default: frappe.utils.background_jobs.execute_job(event=None, is_async=True, job_name='frappe.core.doctype.scheduled_job_type.scheduled_job_type.run_scheduled_jo..., kwargs={'job_type': 'frappe.monitor.flush'}, method='frappe.core.doctype.scheduled_job_type.scheduled_job_type.run_scheduled_jo..., site='coop.localhost', user='Administrator') (coop.localhost::scheduled_job::frappe.monitor.flush)
2026-05-20 11:00:32,423 home-sjayp-Cooperative_manager-coop-bench:default: Job OK (coop.localhost::scheduled_job::frappe.monitor.flush)
2026-05-20 11:00:32,423 Result is kept for 600 seconds
2026-05-20 11:00:32,430 home-sjayp-Cooperative_manager-coop-bench:default: frappe.utils.background_jobs.execute_job(event=None, is_async=True, job_name='frappe.core.doctype.scheduled_job_type.scheduled_job_type.run_scheduled_jo..., kwargs={'job_type': 'frappe.email.doctype.email_account.email_account.notify_unrep..., method='frappe.core.doctype.scheduled_job_type.scheduled_job_type.run_scheduled_jo..., site='coop.localhost', user='Administrator') (coop.localhost::scheduled_job::frappe.email.doctype.email_account.email_account.notify_unreplied)
2026-05-20 11:00:32,661 home-sjayp-Cooperative_manager-coop-bench:default: Job OK (coop.localhost::scheduled_job::frappe.email.doctype.email_account.email_account.notify_unreplied)
2026-05-20 11:00:32,661 Result is kept for 600 seconds
2026-05-20 11:00:32,670 home-sjayp-Cooperative_manager-coop-bench:default: frappe.utils.background_jobs.execute_job(event=None, is_async=True, job_name='frappe.core.doctype.scheduled_job_type.scheduled_job_type.run_scheduled_jo..., kwargs={'job_type': 'frappe.automation.doctype.reminder.reminder.send_reminders'}, method='frappe.core.doctype.scheduled_job_type.scheduled_job_type.run_scheduled_jo..., site='coop.localhost', user='Administrator') (coop.localhost::scheduled_job::frappe.automation.doctype.reminder.reminder.send_reminders)
2026-05-20 11:00:32,893 home-sjayp-Cooperative_manager-coop-bench:default: Job OK (coop.localhost::scheduled_job::frappe.automation.doctype.reminder.reminder.send_reminders)
2026-05-20 11:00:32,893 Result is kept for 600 seconds
2026-05-20 11:00:32,901 home-sjayp-Cooperative_manager-coop-bench:default: frappe.utils.background_jobs.execute_job(event=None, is_async=True, job_name='frappe.core.doctype.scheduled_job_type.scheduled_job_type.run_scheduled_jo..., kwargs={'job_type': 'frappe.email.doctype.email_account.email_account.pull'}, method='frappe.core.doctype.scheduled_job_type.scheduled_job_type.run_scheduled_jo..., site='coop.localhost', user='Administrator') (coop.localhost::scheduled_job::frappe.email.doctype.email_account.email_account.pull)
2026-05-20 11:00:33,110 home-sjayp-Cooperative_manager-coop-bench:default: Job OK (coop.localhost::scheduled_job::frappe.email.doctype.email_account.email_account.pull)
2026-05-20 11:00:33,110 Result is kept for 600 seconds
2026-05-20 11:00:33,118 home-sjayp-Cooperative_manager-coop-bench:default: frappe.utils.background_jobs.execute_job(event=None, is_async=True, job_name='frappe.core.doctype.scheduled_job_type.scheduled_job_type.run_scheduled_jo..., kwargs={'job_type': 'frappe.email.queue.retry_sending_emails'}, method='frappe.core.doctype.scheduled_job_type.scheduled_job_type.run_scheduled_jo..., site='coop.localhost', user='Administrator') (coop.localhost::scheduled_job::frappe.email.queue.retry_sending_emails)
2026-05-20 11:00:33,424 home-sjayp-Cooperative_manager-coop-bench:default: Job OK (coop.localhost::scheduled_job::frappe.email.queue.retry_sending_emails)
2026-05-20 11:00:33,424 Result is kept for 600 seconds
2026-05-20 11:00:33,431 home-sjayp-Cooperative_manager-coop-bench:long: frappe.utils.background_jobs.execute_job(event=None, is_async=True, job_name='frappe.core.doctype.scheduled_job_type.scheduled_job_type.run_scheduled_jo..., kwargs={'job_type': 'frappe.desk.form.document_follow.send_hourly_updates'}, method='frappe.core.doctype.scheduled_job_type.scheduled_job_type.run_scheduled_jo..., site='coop.localhost', user='Administrator') (coop.localhost::scheduled_job::frappe.desk.form.document_follow.send_hourly_updates)
2026-05-20 11:00:33,620 home-sjayp-Cooperative_manager-coop-bench:long: Job OK (coop.localhost::scheduled_job::frappe.desk.form.document_follow.send_hourly_updates)
2026-05-20 11:00:33,620 Result is kept for 600 seconds
2026-05-20 11:00:33,628 home-sjayp-Cooperative_manager-coop-bench:long: frappe.utils.background_jobs.execute_job(event=None, is_async=True, job_name='frappe.core.doctype.scheduled_job_type.scheduled_job_type.run_scheduled_jo..., kwargs={'job_type': 'frappe.model.utils.user_settings.sync_user_settings'}, method='frappe.core.doctype.scheduled_job_type.scheduled_job_type.run_scheduled_jo..., site='coop.localhost', user='Administrator') (coop.localhost::scheduled_job::frappe.model.utils.user_settings.sync_user_settings)
2026-05-20 11:00:33,821 home-sjayp-Cooperative_manager-coop-bench:long: Job OK (coop.localhost::scheduled_job::frappe.model.utils.user_settings.sync_user_settings)
2026-05-20 11:00:33,821 Result is kept for 600 seconds
2026-05-20 11:00:33,828 home-sjayp-Cooperative_manager-coop-bench:long: frappe.utils.background_jobs.execute_job(event=None, is_async=True, job_name='frappe.core.doctype.scheduled_job_type.scheduled_job_type.run_scheduled_jo..., kwargs={'job_type': 'frappe.desk.page.backups.backups.delete_downloadable_backups'..., method='frappe.core.doctype.scheduled_job_type.scheduled_job_type.run_scheduled_jo..., site='coop.localhost', user='Administrator') (coop.localhost::scheduled_job::frappe.desk.page.backups.backups.delete_downloadable_backups)
2026-05-20 11:00:34,017 home-sjayp-Cooperative_manager-coop-bench:long: Job OK (coop.localhost::scheduled_job::frappe.desk.page.backups.backups.delete_downloadable_backups)
2026-05-20 11:00:34,017 Result is kept for 600 seconds
2026-05-20 11:00:34,025 home-sjayp-Cooperative_manager-coop-bench:long: frappe.utils.background_jobs.execute_job(event=None, is_async=True, job_name='frappe.core.doctype.scheduled_job_type.scheduled_job_type.run_scheduled_jo..., kwargs={'job_type': 'frappe.website.doctype.personal_data_deletion_request.persona..., method='frappe.core.doctype.scheduled_job_type.scheduled_job_type.run_scheduled_jo..., site='coop.localhost', user='Administrator') (coop.localhost::scheduled_job::frappe.website.doctype.personal_data_deletion_request.personal_data_deletion_request.process_data_deletion_request)
2026-05-20 11:00:34,254 home-sjayp-Cooperative_manager-coop-bench:long: Job OK (coop.localhost::scheduled_job::frappe.website.doctype.personal_data_deletion_request.personal_data_deletion_request.process_data_deletion_request)
2026-05-20 11:00:34,254 Result is kept for 600 seconds
2026-05-20 11:00:34,261 home-sjayp-Cooperative_manager-coop-bench:long: frappe.utils.background_jobs.execute_job(event=None, is_async=True, job_name='frappe.core.doctype.scheduled_job_type.scheduled_job_type.run_scheduled_jo..., kwargs={'job_type': 'frappe.core.doctype.prepared_report.prepared_report.expire_st..., method='frappe.core.doctype.scheduled_job_type.scheduled_job_type.run_scheduled_jo..., site='coop.localhost', user='Administrator') (coop.localhost::scheduled_job::frappe.core.doctype.prepared_report.prepared_report.expire_stalled_report)
2026-05-20 11:00:34,482 home-sjayp-Cooperative_manager-coop-bench:long: Job OK (coop.localhost::scheduled_job::frappe.core.doctype.prepared_report.prepared_report.expire_stalled_report)
2026-05-20 11:00:34,482 Result is kept for 600 seconds
2026-05-20 11:00:34,491 home-sjayp-Cooperative_manager-coop-bench:long: frappe.utils.background_jobs.execute_job(event=None, is_async=True, job_name='frappe.core.doctype.scheduled_job_type.scheduled_job_type.run_scheduled_jo..., kwargs={'job_type': 'frappe.desk.utils.delete_old_exported_report_files'}, method='frappe.core.doctype.scheduled_job_type.scheduled_job_type.run_scheduled_jo..., site='coop.localhost', user='Administrator') (coop.localhost::scheduled_job::frappe.desk.utils.delete_old_exported_report_files)
2026-05-20 11:00:34,717 home-sjayp-Cooperative_manager-coop-bench:long: Job OK (coop.localhost::scheduled_job::frappe.desk.utils.delete_old_exported_report_files)
2026-05-20 11:00:34,717 Result is kept for 600 seconds
2026-05-20 11:00:34,730 home-sjayp-Cooperative_manager-coop-bench:long: frappe.utils.background_jobs.execute_job(event=None, is_async=True, job_name='frappe.core.doctype.scheduled_job_type.scheduled_job_type.run_scheduled_jo..., kwargs={'job_type': 'frappe.oauth.delete_oauth2_data'}, method='frappe.core.doctype.scheduled_job_type.scheduled_job_type.run_scheduled_jo..., site='coop.localhost', user='Administrator') (coop.localhost::scheduled_job::frappe.oauth.delete_oauth2_data)
2026-05-20 11:00:34,994 home-sjayp-Cooperative_manager-coop-bench:long: Job OK (coop.localhost::scheduled_job::frappe.oauth.delete_oauth2_data)
2026-05-20 11:00:34,994 Result is kept for 600 seconds
2026-05-20 11:00:35,004 home-sjayp-Cooperative_manager-coop-bench:long: frappe.utils.background_jobs.execute_job(event=None, is_async=True, job_name='frappe.core.doctype.scheduled_job_type.scheduled_job_type.run_scheduled_jo..., kwargs={'job_type': 'frappe.twofactor.delete_all_barcodes_for_users'}, method='frappe.core.doctype.scheduled_job_type.scheduled_job_type.run_scheduled_jo..., site='coop.localhost', user='Administrator') (coop.localhost::scheduled_job::frappe.twofactor.delete_all_barcodes_for_users)
2026-05-20 11:00:35,227 home-sjayp-Cooperative_manager-coop-bench:long: Job OK (coop.localhost::scheduled_job::frappe.twofactor.delete_all_barcodes_for_users)
2026-05-20 11:00:35,228 Result is kept for 600 seconds
2026-05-20 11:00:35,234 home-sjayp-Cooperative_manager-coop-bench:long: frappe.utils.background_jobs.execute_job(event=None, is_async=True, job_name='frappe.core.doctype.scheduled_job_type.scheduled_job_type.run_scheduled_jo..., kwargs={'job_type': 'frappe.website.doctype.web_page.web_page.check_publish_status..., method='frappe.core.doctype.scheduled_job_type.scheduled_job_type.run_scheduled_jo..., site='coop.localhost', user='Administrator') (coop.localhost::scheduled_job::frappe.website.doctype.web_page.web_page.check_publish_status)
2026-05-20 11:00:35,450 home-sjayp-Cooperative_manager-coop-bench:long: Job OK (coop.localhost::scheduled_job::frappe.website.doctype.web_page.web_page.check_publish_status)
2026-05-20 11:00:35,450 Result is kept for 600 seconds
2026-05-20 11:04:38,811 home-sjayp-Cooperative_manager-coop-bench:default: frappe.utils.background_jobs.execute_job(event=None, is_async=True, job_name='frappe.core.doctype.scheduled_job_type.scheduled_job_type.run_scheduled_jo..., kwargs={'job_type': 'frappe.email.queue.flush'}, method='frappe.core.doctype.scheduled_job_type.scheduled_job_type.run_scheduled_jo..., site='coop.localhost', user='Administrator') (coop.localhost::scheduled_job::frappe.email.queue.flush)
2026-05-20 11:04:39,161 home-sjayp-Cooperative_manager-coop-bench:default: Job OK (coop.localhost::scheduled_job::frappe.email.queue.flush)
2026-05-20 11:04:39,161 Result is kept for 600 seconds
2026-05-20 11:04:39,168 home-sjayp-Cooperative_manager-coop-bench:default: frappe.utils.background_jobs.execute_job(event=None, is_async=True, job_name='frappe.core.doctype.scheduled_job_type.scheduled_job_type.run_scheduled_jo..., kwargs={'job_type': 'frappe.email.queue.retry_sending_emails'}, method='frappe.core.doctype.scheduled_job_type.scheduled_job_type.run_scheduled_jo..., site='coop.localhost', user='Administrator') (coop.localhost::scheduled_job::frappe.email.queue.retry_sending_emails)
2026-05-20 11:04:39,486 home-sjayp-Cooperative_manager-coop-bench:default: Job OK (coop.localhost::scheduled_job::frappe.email.queue.retry_sending_emails)
2026-05-20 11:04:39,487 Result is kept for 600 seconds
2026-05-20 11:04:39,494 home-sjayp-Cooperative_manager-coop-bench:default: frappe.utils.background_jobs.execute_job(event=None, is_async=True, job_name='frappe.core.doctype.scheduled_job_type.scheduled_job_type.run_scheduled_jo..., kwargs={'job_type': 'frappe.integrations.doctype.google_calendar.google_calendar.s..., method='frappe.core.doctype.scheduled_job_type.scheduled_job_type.run_scheduled_jo..., site='coop.localhost', user='Administrator') (coop.localhost::scheduled_job::frappe.integrations.doctype.google_calendar.google_calendar.sync)
2026-05-20 11:04:39,834 home-sjayp-Cooperative_manager-coop-bench:default: Job OK (coop.localhost::scheduled_job::frappe.integrations.doctype.google_calendar.google_calendar.sync)
2026-05-20 11:04:39,834 Result is kept for 600 seconds
2026-05-20 11:04:39,842 home-sjayp-Cooperative_manager-coop-bench:default: frappe.utils.background_jobs.execute_job(event=None, is_async=True, job_name='frappe.core.doctype.scheduled_job_type.scheduled_job_type.run_scheduled_jo..., kwargs={'job_type': 'frappe.monitor.flush'}, method='frappe.core.doctype.scheduled_job_type.scheduled_job_type.run_scheduled_jo..., site='coop.localhost', user='Administrator') (coop.localhost::scheduled_job::frappe.monitor.flush)
2026-05-20 11:04:39,995 home-sjayp-Cooperative_manager-coop-bench:default: Job OK (coop.localhost::scheduled_job::frappe.monitor.flush)
2026-05-20 11:04:39,995 Result is kept for 600 seconds
2026-05-20 11:08:47,475 home-sjayp-Cooperative_manager-coop-bench:default: frappe.utils.background_jobs.execute_job(event=None, is_async=True, job_name='frappe.core.doctype.scheduled_job_type.scheduled_job_type.run_scheduled_jo..., kwargs={'job_type': 'frappe.monitor.flush'}, method='frappe.core.doctype.scheduled_job_type.scheduled_job_type.run_scheduled_jo..., site='coop.localhost', user='Administrator') (coop.localhost::scheduled_job::frappe.monitor.flush)
2026-05-20 11:08:48,080 home-sjayp-Cooperative_manager-coop-bench:default: Job OK (coop.localhost::scheduled_job::frappe.monitor.flush)
2026-05-20 11:08:48,081 Result is kept for 600 seconds
2026-05-20 11:08:48,106 home-sjayp-Cooperative_manager-coop-bench:default: frappe.utils.background_jobs.execute_job(event=None, is_async=True, job_name='frappe.core.doctype.scheduled_job_type.scheduled_job_type.run_scheduled_jo..., kwargs={'job_type': 'frappe.email.queue.flush'}, method='frappe.core.doctype.scheduled_job_type.scheduled_job_type.run_scheduled_jo..., site='coop.localhost', user='Administrator') (coop.localhost::scheduled_job::frappe.email.queue.flush)
2026-05-20 11:08:49,438 home-sjayp-Cooperative_manager-coop-bench:default: Job OK (coop.localhost::scheduled_job::frappe.email.queue.flush)
2026-05-20 11:08:49,439 Result is kept for 600 seconds
2026-05-20 11:08:49,470 home-sjayp-Cooperative_manager-coop-bench:default: frappe.utils.background_jobs.execute_job(event=None, is_async=True, job_name='frappe.core.doctype.scheduled_job_type.scheduled_job_type.run_scheduled_jo..., kwargs={'job_type': 'frappe.integrations.doctype.google_calendar.google_calendar.s..., method='frappe.core.doctype.scheduled_job_type.scheduled_job_type.run_scheduled_jo..., site='coop.localhost', user='Administrator') (coop.localhost::scheduled_job::frappe.integrations.doctype.google_calendar.google_calendar.sync)
2026-05-20 11:08:50,733 home-sjayp-Cooperative_manager-coop-bench:default: Job OK (coop.localhost::scheduled_job::frappe.integrations.doctype.google_calendar.google_calendar.sync)
2026-05-20 11:08:50,733 Result is kept for 600 seconds
2026-05-20 11:08:50,760 home-sjayp-Cooperative_manager-coop-bench:default: frappe.utils.background_jobs.execute_job(event=None, is_async=True, job_name='frappe.core.doctype.scheduled_job_type.scheduled_job_type.run_scheduled_jo..., kwargs={'job_type': 'frappe.email.queue.retry_sending_emails'}, method='frappe.core.doctype.scheduled_job_type.scheduled_job_type.run_scheduled_jo..., site='coop.localhost', user='Administrator') (coop.localhost::scheduled_job::frappe.email.queue.retry_sending_emails)
2026-05-20 11:08:51,787 home-sjayp-Cooperative_manager-coop-bench:default: Job OK (coop.localhost::scheduled_job::frappe.email.queue.retry_sending_emails)
2026-05-20 11:08:51,787 Result is kept for 600 seconds
2026-05-20 11:10:52,052 home-sjayp-Cooperative_manager-coop-bench:default: frappe.utils.background_jobs.execute_job(event=None, is_async=True, job_name='frappe.core.doctype.scheduled_job_type.scheduled_job_type.run_scheduled_jo..., kwargs={'job_type': 'frappe.email.doctype.email_account.email_account.pull'}, method='frappe.core.doctype.scheduled_job_type.scheduled_job_type.run_scheduled_jo..., site='coop.localhost', user='Administrator') (coop.localhost::scheduled_job::frappe.email.doctype.email_account.email_account.pull)
2026-05-20 11:10:52,819 home-sjayp-Cooperative_manager-coop-bench:default: Job OK (coop.localhost::scheduled_job::frappe.email.doctype.email_account.email_account.pull)
2026-05-20 11:10:52,820 Result is kept for 600 seconds
2026-05-20 11:12:43,080 home-sjayp-Cooperative_manager-coop-bench:long: frappe.utils.background_jobs.execute_job(event=None, is_async=True, job_name='frappe.search.website_search.build_index_for_all_routes', kwargs={}, method=<function build_index_for_all_routes at 0x702036c7be20>, site='coop.localhost', user='Administrator') (coop.localhost::ec64a4d2-b2c9-4613-9b71-bf02f3ed510f)
Retrieving Routes                   : [=                                       ] 3%Retrieving Routes                   : [==                                      ] 6%Retrieving Routes                   : [===                                     ] 9%Retrieving Routes                   : [=====                                   ] 12%Retrieving Routes                   : [======                                  ] 16%Retrieving Routes                   : [=======                                 ] 19%Retrieving Routes                   : [=========                               ] 22%Retrieving Routes                   : [==========                              ] 25%Retrieving Routes                   : [===========                             ] 29%Retrieving Routes                   : [============                            ] 32%Retrieving Routes                   : [==============                          ] 35%Retrieving Routes                   : [===============                         ] 38%Retrieving Routes                   : [================                        ] 41%Retrieving Routes                   : [==================                      ] 45%Retrieving Routes                   : [===================                     ] 48%Retrieving Routes                   : [====================                    ] 51%Retrieving Routes                   : [=====================                   ] 54%Retrieving Routes                   : [=======================                 ] 58%Retrieving Routes                   : [========================                ] 61%Retrieving Routes                   : [=========================               ] 64%Retrieving Routes                   : [===========================             ] 67%Retrieving Routes                   : [============================            ] 70%Retrieving Routes                   : [=============================           ] 74%Retrieving Routes                   : [==============================          ] 77%Retrieving Routes                   : [================================        ] 80%Retrieving Routes                   : [=================================       ] 83%Retrieving Routes                   : [==================================      ] 87%Retrieving Routes                   : [====================================    ] 90%Retrieving Routes                   : [=====================================   ] 93%Retrieving Routes                   : [======================================  ] 96%Retrieving Routes                   : [========================================] 100%
Building Index                      : [=                                       ] 3%Building Index                      : [==                                      ] 6%Building Index                      : [===                                     ] 9%Building Index                      : [=====                                   ] 12%Building Index                      : [======                                  ] 16%Building Index                      : [=======                                 ] 19%Building Index                      : [=========                               ] 22%Building Index                      : [==========                              ] 25%Building Index                      : [===========                             ] 29%Building Index                      : [============                            ] 32%Building Index                      : [==============                          ] 35%Building Index                      : [===============                         ] 38%Building Index                      : [================                        ] 41%Building Index                      : [==================                      ] 45%Building Index                      : [===================                     ] 48%Building Index                      : [====================                    ] 51%Building Index                      : [=====================                   ] 54%Building Index                      : [=======================                 ] 58%Building Index                      : [========================                ] 61%Building Index                      : [=========================               ] 64%Building Index                      : [===========================             ] 67%Building Index                      : [============================            ] 70%Building Index                      : [=============================           ] 74%Building Index                      : [==============================          ] 77%Building Index                      : [================================        ] 80%Building Index                      : [=================================       ] 83%Building Index                      : [==================================      ] 87%Building Index                      : [====================================    ] 90%Building Index                      : [=====================================   ] 93%Building Index                      : [======================================  ] 96%Building Index                      : [========================================] 100%2026-05-20 11:13:08,869 home-sjayp-Cooperative_manager-coop-bench:long: Job OK (coop.localhost::ec64a4d2-b2c9-4613-9b71-bf02f3ed510f)
2026-05-20 11:13:08,869 Result is kept for 600 seconds
2026-05-20 11:13:08,919 home-sjayp-Cooperative_manager-coop-bench:default: frappe.utils.background_jobs.execute_job(event=None, is_async=True, job_name='frappe.core.doctype.scheduled_job_type.scheduled_job_type.run_scheduled_jo..., kwargs={'job_type': 'frappe.integrations.doctype.google_calendar.google_calendar.s..., method='frappe.core.doctype.scheduled_job_type.scheduled_job_type.run_scheduled_jo..., site='coop.localhost', user='Administrator') (coop.localhost::scheduled_job::frappe.integrations.doctype.google_calendar.google_calendar.sync)
2026-05-20 11:13:13,471 home-sjayp-Cooperative_manager-coop-bench:default: Job OK (coop.localhost::scheduled_job::frappe.integrations.doctype.google_calendar.google_calendar.sync)
2026-05-20 11:13:13,472 Result is kept for 600 seconds
2026-05-20 11:13:13,494 home-sjayp-Cooperative_manager-coop-bench:default: frappe.utils.background_jobs.execute_job(event=None, is_async=True, job_name='frappe.core.doctype.scheduled_job_type.scheduled_job_type.run_scheduled_jo..., kwargs={'job_type': 'frappe.monitor.flush'}, method='frappe.core.doctype.scheduled_job_type.scheduled_job_type.run_scheduled_jo..., site='coop.localhost', user='Administrator') (coop.localhost::scheduled_job::frappe.monitor.flush)
2026-05-20 11:13:13,961 home-sjayp-Cooperative_manager-coop-bench:default: Job OK (coop.localhost::scheduled_job::frappe.monitor.flush)
2026-05-20 11:13:13,962 Result is kept for 600 seconds
2026-05-20 11:13:13,984 home-sjayp-Cooperative_manager-coop-bench:default: frappe.utils.background_jobs.execute_job(event=None, is_async=True, job_name='frappe.core.doctype.scheduled_job_type.scheduled_job_type.run_scheduled_jo..., kwargs={'job_type': 'frappe.email.queue.flush'}, method='frappe.core.doctype.scheduled_job_type.scheduled_job_type.run_scheduled_jo..., site='coop.localhost', user='Administrator') (coop.localhost::scheduled_job::frappe.email.queue.flush)
2026-05-20 11:13:15,187 home-sjayp-Cooperative_manager-coop-bench:default: Job OK (coop.localhost::scheduled_job::frappe.email.queue.flush)
2026-05-20 11:13:15,188 Result is kept for 600 seconds
2026-05-20 11:13:15,218 home-sjayp-Cooperative_manager-coop-bench:default: frappe.utils.background_jobs.execute_job(event=None, is_async=True, job_name='frappe.core.doctype.scheduled_job_type.scheduled_job_type.run_scheduled_jo..., kwargs={'job_type': 'frappe.email.queue.retry_sending_emails'}, method='frappe.core.doctype.scheduled_job_type.scheduled_job_type.run_scheduled_jo..., site='coop.localhost', user='Administrator') (coop.localhost::scheduled_job::frappe.email.queue.retry_sending_emails)
2026-05-20 11:13:16,666 home-sjayp-Cooperative_manager-coop-bench:default: Job OK (coop.localhost::scheduled_job::frappe.email.queue.retry_sending_emails)
2026-05-20 11:13:16,667 Result is kept for 600 seconds
2026-05-20 11:15:02,736 home-sjayp-Cooperative_manager-coop-bench:default: frappe.utils.background_jobs.execute_job(event=None, is_async=True, job_name='frappe.core.doctype.scheduled_job_type.scheduled_job_type.run_scheduled_jo..., kwargs={'job_type': 'frappe.model.utils.link_count.update_link_count'}, method='frappe.core.doctype.scheduled_job_type.scheduled_job_type.run_scheduled_jo..., site='coop.localhost', user='Administrator') (coop.localhost::scheduled_job::frappe.model.utils.link_count.update_link_count)
2026-05-20 11:15:03,801 home-sjayp-Cooperative_manager-coop-bench:default: Job OK (coop.localhost::scheduled_job::frappe.model.utils.link_count.update_link_count)
2026-05-20 11:15:03,802 Result is kept for 600 seconds
2026-05-20 11:15:03,827 home-sjayp-Cooperative_manager-coop-bench:default: frappe.utils.background_jobs.execute_job(event=None, is_async=True, job_name='frappe.core.doctype.scheduled_job_type.scheduled_job_type.run_scheduled_jo..., kwargs={'job_type': 'frappe.automation.doctype.reminder.reminder.send_reminders'}, method='frappe.core.doctype.scheduled_job_type.scheduled_job_type.run_scheduled_jo..., site='coop.localhost', user='Administrator') (coop.localhost::scheduled_job::frappe.automation.doctype.reminder.reminder.send_reminders)
2026-05-20 11:15:04,292 home-sjayp-Cooperative_manager-coop-bench:default: Job OK (coop.localhost::scheduled_job::frappe.automation.doctype.reminder.reminder.send_reminders)
2026-05-20 11:15:04,293 Result is kept for 600 seconds
2026-05-20 11:15:04,329 home-sjayp-Cooperative_manager-coop-bench:default: frappe.utils.background_jobs.execute_job(event=None, is_async=True, job_name='frappe.core.doctype.scheduled_job_type.scheduled_job_type.run_scheduled_jo..., kwargs={'job_type': 'frappe.utils.global_search.sync_global_search'}, method='frappe.core.doctype.scheduled_job_type.scheduled_job_type.run_scheduled_jo..., site='coop.localhost', user='Administrator') (coop.localhost::scheduled_job::frappe.utils.global_search.sync_global_search)
2026-05-20 11:15:04,944 home-sjayp-Cooperative_manager-coop-bench:default: Job OK (coop.localhost::scheduled_job::frappe.utils.global_search.sync_global_search)
2026-05-20 11:15:04,945 Result is kept for 600 seconds
2026-05-20 11:15:04,976 home-sjayp-Cooperative_manager-coop-bench:default: frappe.utils.background_jobs.execute_job(event=None, is_async=True, job_name='frappe.core.doctype.scheduled_job_type.scheduled_job_type.run_scheduled_jo..., kwargs={'job_type': 'frappe.search.sqlite_search.build_index_if_not_exists'}, method='frappe.core.doctype.scheduled_job_type.scheduled_job_type.run_scheduled_jo..., site='coop.localhost', user='Administrator') (coop.localhost::scheduled_job::frappe.search.sqlite_search.build_index_if_not_exists)
2026-05-20 11:15:05,805 home-sjayp-Cooperative_manager-coop-bench:default: Job OK (coop.localhost::scheduled_job::frappe.search.sqlite_search.build_index_if_not_exists)
2026-05-20 11:15:05,805 Result is kept for 600 seconds
2026-05-20 11:15:05,830 home-sjayp-Cooperative_manager-coop-bench:default: frappe.utils.background_jobs.execute_job(event=None, is_async=True, job_name='frappe.core.doctype.scheduled_job_type.scheduled_job_type.run_scheduled_jo..., kwargs={'job_type': 'frappe.utils.telemetry.pulse.client.send_queued_events'}, method='frappe.core.doctype.scheduled_job_type.scheduled_job_type.run_scheduled_jo..., site='coop.localhost', user='Administrator') (coop.localhost::scheduled_job::frappe.utils.telemetry.pulse.client.send_queued_events)
2026-05-20 11:15:06,510 home-sjayp-Cooperative_manager-coop-bench:default: Job OK (coop.localhost::scheduled_job::frappe.utils.telemetry.pulse.client.send_queued_events)
2026-05-20 11:15:06,511 Result is kept for 600 seconds
2026-05-20 11:15:06,527 home-sjayp-Cooperative_manager-coop-bench:default: frappe.utils.background_jobs.execute_job(event=None, is_async=True, job_name='frappe.core.doctype.scheduled_job_type.scheduled_job_type.run_scheduled_jo..., kwargs={'job_type': 'frappe.deferred_insert.save_to_db'}, method='frappe.core.doctype.scheduled_job_type.scheduled_job_type.run_scheduled_jo..., site='coop.localhost', user='Administrator') (coop.localhost::scheduled_job::frappe.deferred_insert.save_to_db)
2026-05-20 11:15:07,152 home-sjayp-Cooperative_manager-coop-bench:default: Job OK (coop.localhost::scheduled_job::frappe.deferred_insert.save_to_db)
2026-05-20 11:15:07,153 Result is kept for 600 seconds
2026-05-20 11:15:07,184 home-sjayp-Cooperative_manager-coop-bench:default: frappe.utils.background_jobs.execute_job(event=None, is_async=True, job_name='frappe.core.doctype.scheduled_job_type.scheduled_job_type.run_scheduled_jo..., kwargs={'job_type': 'frappe.email.doctype.email_account.email_account.notify_unrep..., method='frappe.core.doctype.scheduled_job_type.scheduled_job_type.run_scheduled_jo..., site='coop.localhost', user='Administrator') (coop.localhost::scheduled_job::frappe.email.doctype.email_account.email_account.notify_unreplied)
2026-05-20 11:15:08,153 home-sjayp-Cooperative_manager-coop-bench:default: Job OK (coop.localhost::scheduled_job::frappe.email.doctype.email_account.email_account.notify_unreplied)
2026-05-20 11:15:08,153 Result is kept for 600 seconds
2026-05-20 11:16:04,355 home-sjayp-Cooperative_manager-coop-bench:default: frappe.utils.background_jobs.execute_job(event=None, is_async=True, job_name='frappe.core.doctype.scheduled_job_type.scheduled_job_type.run_scheduled_jo..., kwargs={'job_type': 'frappe.integrations.doctype.google_calendar.google_calendar.s..., method='frappe.core.doctype.scheduled_job_type.scheduled_job_type.run_scheduled_jo..., site='coop.localhost', user='Administrator') (coop.localhost::scheduled_job::frappe.integrations.doctype.google_calendar.google_calendar.sync)
2026-05-20 11:16:06,005 home-sjayp-Cooperative_manager-coop-bench:default: Job OK (coop.localhost::scheduled_job::frappe.integrations.doctype.google_calendar.google_calendar.sync)
2026-05-20 11:16:06,006 Result is kept for 600 seconds
2026-05-20 11:16:06,025 home-sjayp-Cooperative_manager-coop-bench:default: frappe.utils.background_jobs.execute_job(event=None, is_async=True, job_name='frappe.core.doctype.scheduled_job_type.scheduled_job_type.run_scheduled_jo..., kwargs={'job_type': 'frappe.monitor.flush'}, method='frappe.core.doctype.scheduled_job_type.scheduled_job_type.run_scheduled_jo..., site='coop.localhost', user='Administrator') (coop.localhost::scheduled_job::frappe.monitor.flush)
2026-05-20 11:16:06,332 home-sjayp-Cooperative_manager-coop-bench:default: Job OK (coop.localhost::scheduled_job::frappe.monitor.flush)
2026-05-20 11:16:06,332 Result is kept for 600 seconds
2026-05-20 11:16:06,342 home-sjayp-Cooperative_manager-coop-bench:default: frappe.utils.background_jobs.execute_job(event=None, is_async=True, job_name='frappe.core.doctype.scheduled_job_type.scheduled_job_type.run_scheduled_jo..., kwargs={'job_type': 'frappe.email.queue.flush'}, method='frappe.core.doctype.scheduled_job_type.scheduled_job_type.run_scheduled_jo..., site='coop.localhost', user='Administrator') (coop.localhost::scheduled_job::frappe.email.queue.flush)
2026-05-20 11:16:07,058 home-sjayp-Cooperative_manager-coop-bench:default: Job OK (coop.localhost::scheduled_job::frappe.email.queue.flush)
2026-05-20 11:16:07,058 Result is kept for 600 seconds
2026-05-20 11:16:07,077 home-sjayp-Cooperative_manager-coop-bench:default: frappe.utils.background_jobs.execute_job(event=None, is_async=True, job_name='frappe.core.doctype.scheduled_job_type.scheduled_job_type.run_scheduled_jo..., kwargs={'job_type': 'frappe.email.queue.retry_sending_emails'}, method='frappe.core.doctype.scheduled_job_type.scheduled_job_type.run_scheduled_jo..., site='coop.localhost', user='Administrator') (coop.localhost::scheduled_job::frappe.email.queue.retry_sending_emails)
2026-05-20 11:16:08,246 home-sjayp-Cooperative_manager-coop-bench:default: Job OK (coop.localhost::scheduled_job::frappe.email.queue.retry_sending_emails)
2026-05-20 11:16:08,246 Result is kept for 600 seconds
2026-05-20 11:20:09,655 home-sjayp-Cooperative_manager-coop-bench:default: frappe.utils.background_jobs.execute_job(event=None, is_async=True, job_name='frappe.core.doctype.scheduled_job_type.scheduled_job_type.run_scheduled_jo..., kwargs={'job_type': 'frappe.email.queue.flush'}, method='frappe.core.doctype.scheduled_job_type.scheduled_job_type.run_scheduled_jo..., site='coop.localhost', user='Administrator') (coop.localhost::scheduled_job::frappe.email.queue.flush)
2026-05-20 11:20:12,392 home-sjayp-Cooperative_manager-coop-bench:default: Job OK (coop.localhost::scheduled_job::frappe.email.queue.flush)
2026-05-20 11:20:12,392 Result is kept for 600 seconds
2026-05-20 11:20:12,403 home-sjayp-Cooperative_manager-coop-bench:default: frappe.utils.background_jobs.execute_job(event=None, is_async=True, job_name='frappe.core.doctype.scheduled_job_type.scheduled_job_type.run_scheduled_jo..., kwargs={'job_type': 'frappe.monitor.flush'}, method='frappe.core.doctype.scheduled_job_type.scheduled_job_type.run_scheduled_jo..., site='coop.localhost', user='Administrator') (coop.localhost::scheduled_job::frappe.monitor.flush)
2026-05-20 11:20:12,776 home-sjayp-Cooperative_manager-coop-bench:default: Job OK (coop.localhost::scheduled_job::frappe.monitor.flush)
2026-05-20 11:20:12,776 Result is kept for 600 seconds
2026-05-20 11:20:12,789 home-sjayp-Cooperative_manager-coop-bench:default: frappe.utils.background_jobs.execute_job(event=None, is_async=True, job_name='frappe.core.doctype.scheduled_job_type.scheduled_job_type.run_scheduled_jo..., kwargs={'job_type': 'frappe.integrations.doctype.google_calendar.google_calendar.s..., method='frappe.core.doctype.scheduled_job_type.scheduled_job_type.run_scheduled_jo..., site='coop.localhost', user='Administrator') (coop.localhost::scheduled_job::frappe.integrations.doctype.google_calendar.google_calendar.sync)
2026-05-20 11:20:13,647 home-sjayp-Cooperative_manager-coop-bench:default: Job OK (coop.localhost::scheduled_job::frappe.integrations.doctype.google_calendar.google_calendar.sync)
2026-05-20 11:20:13,647 Result is kept for 600 seconds
2026-05-20 11:20:13,658 home-sjayp-Cooperative_manager-coop-bench:default: frappe.utils.background_jobs.execute_job(event=None, is_async=True, job_name='frappe.core.doctype.scheduled_job_type.scheduled_job_type.run_scheduled_jo..., kwargs={'job_type': 'frappe.email.queue.retry_sending_emails'}, method='frappe.core.doctype.scheduled_job_type.scheduled_job_type.run_scheduled_jo..., site='coop.localhost', user='Administrator') (coop.localhost::scheduled_job::frappe.email.queue.retry_sending_emails)
2026-05-20 11:20:14,858 home-sjayp-Cooperative_manager-coop-bench:default: Job OK (coop.localhost::scheduled_job::frappe.email.queue.retry_sending_emails)
2026-05-20 11:20:14,860 Result is kept for 600 seconds
2026-05-20 11:20:14,889 home-sjayp-Cooperative_manager-coop-bench:default: frappe.utils.background_jobs.execute_job(event=None, is_async=True, job_name='frappe.core.doctype.scheduled_job_type.scheduled_job_type.run_scheduled_jo..., kwargs={'job_type': 'frappe.email.doctype.email_account.email_account.pull'}, method='frappe.core.doctype.scheduled_job_type.scheduled_job_type.run_scheduled_jo..., site='coop.localhost', user='Administrator') (coop.localhost::scheduled_job::frappe.email.doctype.email_account.email_account.pull)
2026-05-20 11:20:15,826 home-sjayp-Cooperative_manager-coop-bench:default: Job OK (coop.localhost::scheduled_job::frappe.email.doctype.email_account.email_account.pull)
2026-05-20 11:20:15,826 Result is kept for 600 seconds
2026-05-20 11:24:19,986 home-sjayp-Cooperative_manager-coop-bench:default: frappe.utils.background_jobs.execute_job(event=None, is_async=True, job_name='frappe.core.doctype.scheduled_job_type.scheduled_job_type.run_scheduled_jo..., kwargs={'job_type': 'frappe.email.queue.retry_sending_emails'}, method='frappe.core.doctype.scheduled_job_type.scheduled_job_type.run_scheduled_jo..., site='coop.localhost', user='Administrator') (coop.localhost::scheduled_job::frappe.email.queue.retry_sending_emails)
2026-05-20 11:24:21,028 home-sjayp-Cooperative_manager-coop-bench:default: Job OK (coop.localhost::scheduled_job::frappe.email.queue.retry_sending_emails)
2026-05-20 11:24:21,028 Result is kept for 600 seconds
2026-05-20 11:24:21,042 Cleaning registries for queue: home-sjayp-Cooperative_manager-coop-bench:short
2026-05-20 11:24:21,050 Cleaning registries for queue: home-sjayp-Cooperative_manager-coop-bench:default
2026-05-20 11:24:21,054 Cleaning registries for queue: home-sjayp-Cooperative_manager-coop-bench:long
2026-05-20 11:24:21,062 home-sjayp-Cooperative_manager-coop-bench:default: frappe.utils.background_jobs.execute_job(event=None, is_async=True, job_name='frappe.core.doctype.scheduled_job_type.scheduled_job_type.run_scheduled_jo..., kwargs={'job_type': 'frappe.integrations.doctype.google_calendar.google_calendar.s..., method='frappe.core.doctype.scheduled_job_type.scheduled_job_type.run_scheduled_jo..., site='coop.localhost', user='Administrator') (coop.localhost::scheduled_job::frappe.integrations.doctype.google_calendar.google_calendar.sync)
2026-05-20 11:24:21,874 home-sjayp-Cooperative_manager-coop-bench:default: Job OK (coop.localhost::scheduled_job::frappe.integrations.doctype.google_calendar.google_calendar.sync)
2026-05-20 11:24:21,875 Result is kept for 600 seconds
2026-05-20 11:24:21,903 home-sjayp-Cooperative_manager-coop-bench:default: frappe.utils.background_jobs.execute_job(event=None, is_async=True, job_name='frappe.core.doctype.scheduled_job_type.scheduled_job_type.run_scheduled_jo..., kwargs={'job_type': 'frappe.monitor.flush'}, method='frappe.core.doctype.scheduled_job_type.scheduled_job_type.run_scheduled_jo..., site='coop.localhost', user='Administrator') (coop.localhost::scheduled_job::frappe.monitor.flush)
2026-05-20 11:24:22,222 home-sjayp-Cooperative_manager-coop-bench:default: Job OK (coop.localhost::scheduled_job::frappe.monitor.flush)
2026-05-20 11:24:22,222 Result is kept for 600 seconds
2026-05-20 11:24:22,233 home-sjayp-Cooperative_manager-coop-bench:default: frappe.utils.background_jobs.execute_job(event=None, is_async=True, job_name='frappe.core.doctype.scheduled_job_type.scheduled_job_type.run_scheduled_jo..., kwargs={'job_type': 'frappe.email.queue.flush'}, method='frappe.core.doctype.scheduled_job_type.scheduled_job_type.run_scheduled_jo..., site='coop.localhost', user='Administrator') (coop.localhost::scheduled_job::frappe.email.queue.flush)
2026-05-20 11:24:23,079 home-sjayp-Cooperative_manager-coop-bench:default: Job OK (coop.localhost::scheduled_job::frappe.email.queue.flush)
2026-05-20 11:24:23,079 Result is kept for 600 seconds
2026-05-20 11:28:31,749 home-sjayp-Cooperative_manager-coop-bench:default: frappe.utils.background_jobs.execute_job(event=None, is_async=True, job_name='frappe.core.doctype.scheduled_job_type.scheduled_job_type.run_scheduled_jo..., kwargs={'job_type': 'frappe.email.queue.retry_sending_emails'}, method='frappe.core.doctype.scheduled_job_type.scheduled_job_type.run_scheduled_jo..., site='coop.localhost', user='Administrator') (coop.localhost::scheduled_job::frappe.email.queue.retry_sending_emails)
2026-05-20 11:28:32,724 home-sjayp-Cooperative_manager-coop-bench:default: Job OK (coop.localhost::scheduled_job::frappe.email.queue.retry_sending_emails)
2026-05-20 11:28:32,725 Result is kept for 600 seconds
2026-05-20 11:28:32,752 home-sjayp-Cooperative_manager-coop-bench:default: frappe.utils.background_jobs.execute_job(event=None, is_async=True, job_name='frappe.core.doctype.scheduled_job_type.scheduled_job_type.run_scheduled_jo..., kwargs={'job_type': 'frappe.integrations.doctype.google_calendar.google_calendar.s..., method='frappe.core.doctype.scheduled_job_type.scheduled_job_type.run_scheduled_jo..., site='coop.localhost', user='Administrator') (coop.localhost::scheduled_job::frappe.integrations.doctype.google_calendar.google_calendar.sync)
2026-05-20 11:28:33,990 home-sjayp-Cooperative_manager-coop-bench:default: Job OK (coop.localhost::scheduled_job::frappe.integrations.doctype.google_calendar.google_calendar.sync)
2026-05-20 11:28:33,991 Result is kept for 600 seconds
2026-05-20 11:28:34,014 home-sjayp-Cooperative_manager-coop-bench:default: frappe.utils.background_jobs.execute_job(event=None, is_async=True, job_name='frappe.core.doctype.scheduled_job_type.scheduled_job_type.run_scheduled_jo..., kwargs={'job_type': 'frappe.monitor.flush'}, method='frappe.core.doctype.scheduled_job_type.scheduled_job_type.run_scheduled_jo..., site='coop.localhost', user='Administrator') (coop.localhost::scheduled_job::frappe.monitor.flush)
2026-05-20 11:28:34,790 home-sjayp-Cooperative_manager-coop-bench:default: Job OK (coop.localhost::scheduled_job::frappe.monitor.flush)
2026-05-20 11:28:34,790 Result is kept for 600 seconds
2026-05-20 11:28:34,807 home-sjayp-Cooperative_manager-coop-bench:default: frappe.utils.background_jobs.execute_job(event=None, is_async=True, job_name='frappe.core.doctype.scheduled_job_type.scheduled_job_type.run_scheduled_jo..., kwargs={'job_type': 'frappe.email.queue.flush'}, method='frappe.core.doctype.scheduled_job_type.scheduled_job_type.run_scheduled_jo..., site='coop.localhost', user='Administrator') (coop.localhost::scheduled_job::frappe.email.queue.flush)
2026-05-20 11:28:35,983 home-sjayp-Cooperative_manager-coop-bench:default: Job OK (coop.localhost::scheduled_job::frappe.email.queue.flush)
2026-05-20 11:28:35,985 Result is kept for 600 seconds
2026-05-20 11:30:38,064 home-sjayp-Cooperative_manager-coop-bench:default: frappe.utils.background_jobs.execute_job(event=None, is_async=True, job_name='frappe.core.doctype.scheduled_job_type.scheduled_job_type.run_scheduled_jo..., kwargs={'job_type': 'frappe.deferred_insert.save_to_db'}, method='frappe.core.doctype.scheduled_job_type.scheduled_job_type.run_scheduled_jo..., site='coop.localhost', user='Administrator') (coop.localhost::scheduled_job::frappe.deferred_insert.save_to_db)
2026-05-20 11:30:38,790 home-sjayp-Cooperative_manager-coop-bench:default: Job OK (coop.localhost::scheduled_job::frappe.deferred_insert.save_to_db)
2026-05-20 11:30:38,790 Result is kept for 600 seconds
2026-05-20 11:30:38,800 home-sjayp-Cooperative_manager-coop-bench:default: frappe.utils.background_jobs.execute_job(event=None, is_async=True, job_name='frappe.core.doctype.scheduled_job_type.scheduled_job_type.run_scheduled_jo..., kwargs={'job_type': 'frappe.search.sqlite_search.build_index_if_not_exists'}, method='frappe.core.doctype.scheduled_job_type.scheduled_job_type.run_scheduled_jo..., site='coop.localhost', user='Administrator') (coop.localhost::scheduled_job::frappe.search.sqlite_search.build_index_if_not_exists)
2026-05-20 11:30:39,250 home-sjayp-Cooperative_manager-coop-bench:default: Job OK (coop.localhost::scheduled_job::frappe.search.sqlite_search.build_index_if_not_exists)
2026-05-20 11:30:39,250 Result is kept for 600 seconds
2026-05-20 11:30:39,284 home-sjayp-Cooperative_manager-coop-bench:default: frappe.utils.background_jobs.execute_job(event=None, is_async=True, job_name='frappe.core.doctype.scheduled_job_type.scheduled_job_type.run_scheduled_jo..., kwargs={'job_type': 'frappe.automation.doctype.reminder.reminder.send_reminders'}, method='frappe.core.doctype.scheduled_job_type.scheduled_job_type.run_scheduled_jo..., site='coop.localhost', user='Administrator') (coop.localhost::scheduled_job::frappe.automation.doctype.reminder.reminder.send_reminders)
2026-05-20 11:30:40,084 home-sjayp-Cooperative_manager-coop-bench:default: Job OK (coop.localhost::scheduled_job::frappe.automation.doctype.reminder.reminder.send_reminders)
2026-05-20 11:30:40,084 Result is kept for 600 seconds
2026-05-20 11:30:40,096 home-sjayp-Cooperative_manager-coop-bench:default: frappe.utils.background_jobs.execute_job(event=None, is_async=True, job_name='frappe.core.doctype.scheduled_job_type.scheduled_job_type.run_scheduled_jo..., kwargs={'job_type': 'frappe.utils.global_search.sync_global_search'}, method='frappe.core.doctype.scheduled_job_type.scheduled_job_type.run_scheduled_jo..., site='coop.localhost', user='Administrator') (coop.localhost::scheduled_job::frappe.utils.global_search.sync_global_search)
2026-05-20 11:30:40,855 home-sjayp-Cooperative_manager-coop-bench:default: Job OK (coop.localhost::scheduled_job::frappe.utils.global_search.sync_global_search)
2026-05-20 11:30:40,856 Result is kept for 600 seconds
2026-05-20 11:30:40,892 home-sjayp-Cooperative_manager-coop-bench:default: frappe.utils.background_jobs.execute_job(event=None, is_async=True, job_name='frappe.core.doctype.scheduled_job_type.scheduled_job_type.run_scheduled_jo..., kwargs={'job_type': 'frappe.utils.telemetry.pulse.client.send_queued_events'}, method='frappe.core.doctype.scheduled_job_type.scheduled_job_type.run_scheduled_jo..., site='coop.localhost', user='Administrator') (coop.localhost::scheduled_job::frappe.utils.telemetry.pulse.client.send_queued_events)
2026-05-20 11:30:41,406 home-sjayp-Cooperative_manager-coop-bench:default: Job OK (coop.localhost::scheduled_job::frappe.utils.telemetry.pulse.client.send_queued_events)
2026-05-20 11:30:41,407 Result is kept for 600 seconds
2026-05-20 11:30:41,423 home-sjayp-Cooperative_manager-coop-bench:default: frappe.utils.background_jobs.execute_job(event=None, is_async=True, job_name='frappe.core.doctype.scheduled_job_type.scheduled_job_type.run_scheduled_jo..., kwargs={'job_type': 'frappe.model.utils.link_count.update_link_count'}, method='frappe.core.doctype.scheduled_job_type.scheduled_job_type.run_scheduled_jo..., site='coop.localhost', user='Administrator') (coop.localhost::scheduled_job::frappe.model.utils.link_count.update_link_count)
2026-05-20 11:30:42,178 home-sjayp-Cooperative_manager-coop-bench:default: Job OK (coop.localhost::scheduled_job::frappe.model.utils.link_count.update_link_count)
2026-05-20 11:30:42,178 Result is kept for 600 seconds
2026-05-20 11:30:42,201 home-sjayp-Cooperative_manager-coop-bench:default: frappe.utils.background_jobs.execute_job(event=None, is_async=True, job_name='frappe.core.doctype.scheduled_job_type.scheduled_job_type.run_scheduled_jo..., kwargs={'job_type': 'frappe.email.doctype.email_account.email_account.pull'}, method='frappe.core.doctype.scheduled_job_type.scheduled_job_type.run_scheduled_jo..., site='coop.localhost', user='Administrator') (coop.localhost::scheduled_job::frappe.email.doctype.email_account.email_account.pull)
2026-05-20 11:30:42,859 home-sjayp-Cooperative_manager-coop-bench:default: Job OK (coop.localhost::scheduled_job::frappe.email.doctype.email_account.email_account.pull)
2026-05-20 11:30:42,859 Result is kept for 600 seconds
2026-05-20 11:30:42,882 home-sjayp-Cooperative_manager-coop-bench:default: frappe.utils.background_jobs.execute_job(event=None, is_async=True, job_name='frappe.core.doctype.scheduled_job_type.scheduled_job_type.run_scheduled_jo..., kwargs={'job_type': 'frappe.email.doctype.email_account.email_account.notify_unrep..., method='frappe.core.doctype.scheduled_job_type.scheduled_job_type.run_scheduled_jo..., site='coop.localhost', user='Administrator') (coop.localhost::scheduled_job::frappe.email.doctype.email_account.email_account.notify_unreplied)
2026-05-20 11:30:43,899 home-sjayp-Cooperative_manager-coop-bench:default: Job OK (coop.localhost::scheduled_job::frappe.email.doctype.email_account.email_account.notify_unreplied)
2026-05-20 11:30:43,900 Result is kept for 600 seconds
2026-05-20 11:32:40,327 home-sjayp-Cooperative_manager-coop-bench:default: frappe.utils.background_jobs.execute_job(event=None, is_async=True, job_name='frappe.core.doctype.scheduled_job_type.scheduled_job_type.run_scheduled_jo..., kwargs={'job_type': 'frappe.integrations.doctype.google_calendar.google_calendar.s..., method='frappe.core.doctype.scheduled_job_type.scheduled_job_type.run_scheduled_jo..., site='coop.localhost', user='Administrator') (coop.localhost::scheduled_job::frappe.integrations.doctype.google_calendar.google_calendar.sync)
2026-05-20 11:32:41,782 home-sjayp-Cooperative_manager-coop-bench:default: Job OK (coop.localhost::scheduled_job::frappe.integrations.doctype.google_calendar.google_calendar.sync)
2026-05-20 11:32:41,783 Result is kept for 600 seconds
2026-05-20 11:32:41,822 home-sjayp-Cooperative_manager-coop-bench:default: frappe.utils.background_jobs.execute_job(event=None, is_async=True, job_name='frappe.core.doctype.scheduled_job_type.scheduled_job_type.run_scheduled_jo..., kwargs={'job_type': 'frappe.email.queue.flush'}, method='frappe.core.doctype.scheduled_job_type.scheduled_job_type.run_scheduled_jo..., site='coop.localhost', user='Administrator') (coop.localhost::scheduled_job::frappe.email.queue.flush)
2026-05-20 11:32:43,430 home-sjayp-Cooperative_manager-coop-bench:default: Job OK (coop.localhost::scheduled_job::frappe.email.queue.flush)
2026-05-20 11:32:43,430 Result is kept for 600 seconds
2026-05-20 11:32:43,451 home-sjayp-Cooperative_manager-coop-bench:default: frappe.utils.background_jobs.execute_job(event=None, is_async=True, job_name='frappe.core.doctype.scheduled_job_type.scheduled_job_type.run_scheduled_jo..., kwargs={'job_type': 'frappe.email.queue.retry_sending_emails'}, method='frappe.core.doctype.scheduled_job_type.scheduled_job_type.run_scheduled_jo..., site='coop.localhost', user='Administrator') (coop.localhost::scheduled_job::frappe.email.queue.retry_sending_emails)
2026-05-20 11:32:44,988 home-sjayp-Cooperative_manager-coop-bench:default: Job OK (coop.localhost::scheduled_job::frappe.email.queue.retry_sending_emails)
2026-05-20 11:32:44,988 Result is kept for 600 seconds
2026-05-20 11:32:45,003 home-sjayp-Cooperative_manager-coop-bench:default: frappe.utils.background_jobs.execute_job(event=None, is_async=True, job_name='frappe.core.doctype.scheduled_job_type.scheduled_job_type.run_scheduled_jo..., kwargs={'job_type': 'frappe.monitor.flush'}, method='frappe.core.doctype.scheduled_job_type.scheduled_job_type.run_scheduled_jo..., site='coop.localhost', user='Administrator') (coop.localhost::scheduled_job::frappe.monitor.flush)
2026-05-20 11:32:45,532 home-sjayp-Cooperative_manager-coop-bench:default: Job OK (coop.localhost::scheduled_job::frappe.monitor.flush)
2026-05-20 11:32:45,533 Result is kept for 600 seconds
2026-05-20 11:36:50,215 home-sjayp-Cooperative_manager-coop-bench:default: frappe.utils.background_jobs.execute_job(event=None, is_async=True, job_name='frappe.core.doctype.scheduled_job_type.scheduled_job_type.run_scheduled_jo..., kwargs={'job_type': 'frappe.monitor.flush'}, method='frappe.core.doctype.scheduled_job_type.scheduled_job_type.run_scheduled_jo..., site='coop.localhost', user='Administrator') (coop.localhost::scheduled_job::frappe.monitor.flush)
2026-05-20 11:36:51,024 home-sjayp-Cooperative_manager-coop-bench:default: Job OK (coop.localhost::scheduled_job::frappe.monitor.flush)
2026-05-20 11:36:51,025 Result is kept for 600 seconds
2026-05-20 11:36:51,062 home-sjayp-Cooperative_manager-coop-bench:default: frappe.utils.background_jobs.execute_job(event=None, is_async=True, job_name='frappe.core.doctype.scheduled_job_type.scheduled_job_type.run_scheduled_jo..., kwargs={'job_type': 'frappe.integrations.doctype.google_calendar.google_calendar.s..., method='frappe.core.doctype.scheduled_job_type.scheduled_job_type.run_scheduled_jo..., site='coop.localhost', user='Administrator') (coop.localhost::scheduled_job::frappe.integrations.doctype.google_calendar.google_calendar.sync)
2026-05-20 11:36:52,443 home-sjayp-Cooperative_manager-coop-bench:default: Job OK (coop.localhost::scheduled_job::frappe.integrations.doctype.google_calendar.google_calendar.sync)
2026-05-20 11:36:52,445 Result is kept for 600 seconds
2026-05-20 11:36:52,465 home-sjayp-Cooperative_manager-coop-bench:default: frappe.utils.background_jobs.execute_job(event=None, is_async=True, job_name='frappe.core.doctype.scheduled_job_type.scheduled_job_type.run_scheduled_jo..., kwargs={'job_type': 'frappe.email.queue.flush'}, method='frappe.core.doctype.scheduled_job_type.scheduled_job_type.run_scheduled_jo..., site='coop.localhost', user='Administrator') (coop.localhost::scheduled_job::frappe.email.queue.flush)
2026-05-20 11:36:53,788 home-sjayp-Cooperative_manager-coop-bench:default: Job OK (coop.localhost::scheduled_job::frappe.email.queue.flush)
2026-05-20 11:36:53,789 Result is kept for 600 seconds
2026-05-20 11:36:53,815 home-sjayp-Cooperative_manager-coop-bench:default: frappe.utils.background_jobs.execute_job(event=None, is_async=True, job_name='frappe.core.doctype.scheduled_job_type.scheduled_job_type.run_scheduled_jo..., kwargs={'job_type': 'frappe.email.queue.retry_sending_emails'}, method='frappe.core.doctype.scheduled_job_type.scheduled_job_type.run_scheduled_jo..., site='coop.localhost', user='Administrator') (coop.localhost::scheduled_job::frappe.email.queue.retry_sending_emails)
2026-05-20 11:36:55,213 home-sjayp-Cooperative_manager-coop-bench:default: Job OK (coop.localhost::scheduled_job::frappe.email.queue.retry_sending_emails)
2026-05-20 11:36:55,216 Result is kept for 600 seconds
2026-05-20 11:41:02,110 home-sjayp-Cooperative_manager-coop-bench:default: frappe.utils.background_jobs.execute_job(event=None, is_async=True, job_name='frappe.core.doctype.scheduled_job_type.scheduled_job_type.run_scheduled_jo..., kwargs={'job_type': 'frappe.monitor.flush'}, method='frappe.core.doctype.scheduled_job_type.scheduled_job_type.run_scheduled_jo..., site='coop.localhost', user='Administrator') (coop.localhost::scheduled_job::frappe.monitor.flush)
2026-05-20 11:41:02,486 home-sjayp-Cooperative_manager-coop-bench:default: Job OK (coop.localhost::scheduled_job::frappe.monitor.flush)
2026-05-20 11:41:02,486 Result is kept for 600 seconds
2026-05-20 11:41:02,499 home-sjayp-Cooperative_manager-coop-bench:default: frappe.utils.background_jobs.execute_job(event=None, is_async=True, job_name='frappe.core.doctype.scheduled_job_type.scheduled_job_type.run_scheduled_jo..., kwargs={'job_type': 'frappe.email.queue.flush'}, method='frappe.core.doctype.scheduled_job_type.scheduled_job_type.run_scheduled_jo..., site='coop.localhost', user='Administrator') (coop.localhost::scheduled_job::frappe.email.queue.flush)
2026-05-20 11:41:03,521 home-sjayp-Cooperative_manager-coop-bench:default: Job OK (coop.localhost::scheduled_job::frappe.email.queue.flush)
2026-05-20 11:41:03,522 Result is kept for 600 seconds
2026-05-20 11:41:03,542 home-sjayp-Cooperative_manager-coop-bench:default: frappe.utils.background_jobs.execute_job(event=None, is_async=True, job_name='frappe.core.doctype.scheduled_job_type.scheduled_job_type.run_scheduled_jo..., kwargs={'job_type': 'frappe.email.queue.retry_sending_emails'}, method='frappe.core.doctype.scheduled_job_type.scheduled_job_type.run_scheduled_jo..., site='coop.localhost', user='Administrator') (coop.localhost::scheduled_job::frappe.email.queue.retry_sending_emails)
2026-05-20 11:41:04,455 home-sjayp-Cooperative_manager-coop-bench:default: Job OK (coop.localhost::scheduled_job::frappe.email.queue.retry_sending_emails)
2026-05-20 11:41:04,455 Result is kept for 600 seconds
2026-05-20 11:41:04,467 home-sjayp-Cooperative_manager-coop-bench:default: frappe.utils.background_jobs.execute_job(event=None, is_async=True, job_name='frappe.core.doctype.scheduled_job_type.scheduled_job_type.run_scheduled_jo..., kwargs={'job_type': 'frappe.integrations.doctype.google_calendar.google_calendar.s..., method='frappe.core.doctype.scheduled_job_type.scheduled_job_type.run_scheduled_jo..., site='coop.localhost', user='Administrator') (coop.localhost::scheduled_job::frappe.integrations.doctype.google_calendar.google_calendar.sync)
2026-05-20 11:41:05,266 home-sjayp-Cooperative_manager-coop-bench:default: Job OK (coop.localhost::scheduled_job::frappe.integrations.doctype.google_calendar.google_calendar.sync)
2026-05-20 11:41:05,266 Result is kept for 600 seconds
2026-05-20 11:41:05,283 home-sjayp-Cooperative_manager-coop-bench:default: frappe.utils.background_jobs.execute_job(event=None, is_async=True, job_name='frappe.core.doctype.scheduled_job_type.scheduled_job_type.run_scheduled_jo..., kwargs={'job_type': 'frappe.email.doctype.email_account.email_account.pull'}, method='frappe.core.doctype.scheduled_job_type.scheduled_job_type.run_scheduled_jo..., site='coop.localhost', user='Administrator') (coop.localhost::scheduled_job::frappe.email.doctype.email_account.email_account.pull)
2026-05-20 11:41:05,703 home-sjayp-Cooperative_manager-coop-bench:default: Job OK (coop.localhost::scheduled_job::frappe.email.doctype.email_account.email_account.pull)
2026-05-20 11:41:05,704 Result is kept for 600 seconds
2026-05-20 14:42:39,879 Cleaning registries for queue: home-sjayp-Cooperative_manager-coop-bench:short
2026-05-20 14:42:39,890 Cleaning registries for queue: home-sjayp-Cooperative_manager-coop-bench:default
2026-05-20 14:42:39,893 Cleaning registries for queue: home-sjayp-Cooperative_manager-coop-bench:long
2026-05-20 15:37:48,641 Cleaning registries for queue: home-sjayp-Cooperative_manager-coop-bench:short
2026-05-20 15:37:48,998 Cleaning registries for queue: home-sjayp-Cooperative_manager-coop-bench:default
2026-05-20 15:37:48,999 Cleaning registries for queue: home-sjayp-Cooperative_manager-coop-bench:long
2026-05-20 15:37:59,006 home-sjayp-Cooperative_manager-coop-bench:long: frappe.utils.background_jobs.execute_job(event=None, is_async=True, job_name='frappe.core.doctype.scheduled_job_type.scheduled_job_type.run_scheduled_jo..., kwargs={'job_type': 'frappe.desk.form.document_follow.send_hourly_updates'}, method='frappe.core.doctype.scheduled_job_type.scheduled_job_type.run_scheduled_jo..., site='coop.localhost', user='Administrator') (coop.localhost::scheduled_job::frappe.desk.form.document_follow.send_hourly_updates)
2026-05-20 15:38:00,173 home-sjayp-Cooperative_manager-coop-bench:long: Job OK (coop.localhost::scheduled_job::frappe.desk.form.document_follow.send_hourly_updates)
2026-05-20 15:38:00,174 Result is kept for 600 seconds
2026-05-20 15:38:00,203 home-sjayp-Cooperative_manager-coop-bench:default: frappe.utils.background_jobs.execute_job(event=None, is_async=True, job_name='frappe.core.doctype.scheduled_job_type.scheduled_job_type.run_scheduled_jo..., kwargs={'job_type': 'frappe.integrations.doctype.google_calendar.google_calendar.s..., method='frappe.core.doctype.scheduled_job_type.scheduled_job_type.run_scheduled_jo..., site='coop.localhost', user='Administrator') (coop.localhost::scheduled_job::frappe.integrations.doctype.google_calendar.google_calendar.sync)
2026-05-20 15:38:00,749 home-sjayp-Cooperative_manager-coop-bench:default: Job OK (coop.localhost::scheduled_job::frappe.integrations.doctype.google_calendar.google_calendar.sync)
2026-05-20 15:38:00,749 Result is kept for 600 seconds
2026-05-20 15:38:00,757 home-sjayp-Cooperative_manager-coop-bench:default: frappe.utils.background_jobs.execute_job(event=None, is_async=True, job_name='frappe.core.doctype.scheduled_job_type.scheduled_job_type.run_scheduled_jo..., kwargs={'job_type': 'frappe.model.utils.link_count.update_link_count'}, method='frappe.core.doctype.scheduled_job_type.scheduled_job_type.run_scheduled_jo..., site='coop.localhost', user='Administrator') (coop.localhost::scheduled_job::frappe.model.utils.link_count.update_link_count)
2026-05-20 15:38:01,022 home-sjayp-Cooperative_manager-coop-bench:default: Job OK (coop.localhost::scheduled_job::frappe.model.utils.link_count.update_link_count)
2026-05-20 15:38:01,022 Result is kept for 600 seconds
2026-05-20 15:38:01,033 home-sjayp-Cooperative_manager-coop-bench:default: frappe.utils.background_jobs.execute_job(event=None, is_async=True, job_name='frappe.core.doctype.scheduled_job_type.scheduled_job_type.run_scheduled_jo..., kwargs={'job_type': 'frappe.email.doctype.email_account.email_account.notify_unrep..., method='frappe.core.doctype.scheduled_job_type.scheduled_job_type.run_scheduled_jo..., site='coop.localhost', user='Administrator') (coop.localhost::scheduled_job::frappe.email.doctype.email_account.email_account.notify_unreplied)
2026-05-20 15:38:01,329 home-sjayp-Cooperative_manager-coop-bench:default: Job OK (coop.localhost::scheduled_job::frappe.email.doctype.email_account.email_account.notify_unreplied)
2026-05-20 15:38:01,330 Result is kept for 600 seconds
2026-05-20 15:38:01,353 home-sjayp-Cooperative_manager-coop-bench:default: frappe.utils.background_jobs.execute_job(event=None, is_async=True, job_name='frappe.core.doctype.scheduled_job_type.scheduled_job_type.run_scheduled_jo..., kwargs={'job_type': 'frappe.search.sqlite_search.build_index_if_not_exists'}, method='frappe.core.doctype.scheduled_job_type.scheduled_job_type.run_scheduled_jo..., site='coop.localhost', user='Administrator') (coop.localhost::scheduled_job::frappe.search.sqlite_search.build_index_if_not_exists)
2026-05-20 15:38:01,602 home-sjayp-Cooperative_manager-coop-bench:default: Job OK (coop.localhost::scheduled_job::frappe.search.sqlite_search.build_index_if_not_exists)
2026-05-20 15:38:01,602 Result is kept for 600 seconds
2026-05-20 15:38:01,611 home-sjayp-Cooperative_manager-coop-bench:default: frappe.utils.background_jobs.execute_job(event=None, is_async=True, job_name='frappe.core.doctype.scheduled_job_type.scheduled_job_type.run_scheduled_jo..., kwargs={'job_type': 'frappe.utils.telemetry.pulse.client.send_queued_events'}, method='frappe.core.doctype.scheduled_job_type.scheduled_job_type.run_scheduled_jo..., site='coop.localhost', user='Administrator') (coop.localhost::scheduled_job::frappe.utils.telemetry.pulse.client.send_queued_events)
2026-05-20 15:38:01,870 home-sjayp-Cooperative_manager-coop-bench:default: Job OK (coop.localhost::scheduled_job::frappe.utils.telemetry.pulse.client.send_queued_events)
2026-05-20 15:38:01,871 Result is kept for 600 seconds
2026-05-20 15:38:01,881 home-sjayp-Cooperative_manager-coop-bench:default: frappe.utils.background_jobs.execute_job(event=None, is_async=True, job_name='frappe.core.doctype.scheduled_job_type.scheduled_job_type.run_scheduled_jo..., kwargs={'job_type': 'frappe.email.queue.retry_sending_emails'}, method='frappe.core.doctype.scheduled_job_type.scheduled_job_type.run_scheduled_jo..., site='coop.localhost', user='Administrator') (coop.localhost::scheduled_job::frappe.email.queue.retry_sending_emails)
2026-05-20 15:38:02,335 home-sjayp-Cooperative_manager-coop-bench:default: Job OK (coop.localhost::scheduled_job::frappe.email.queue.retry_sending_emails)
2026-05-20 15:38:02,335 Result is kept for 600 seconds
2026-05-20 15:38:02,346 home-sjayp-Cooperative_manager-coop-bench:default: frappe.utils.background_jobs.execute_job(event=None, is_async=True, job_name='frappe.core.doctype.scheduled_job_type.scheduled_job_type.run_scheduled_jo..., kwargs={'job_type': 'frappe.email.doctype.email_account.email_account.pull'}, method='frappe.core.doctype.scheduled_job_type.scheduled_job_type.run_scheduled_jo..., site='coop.localhost', user='Administrator') (coop.localhost::scheduled_job::frappe.email.doctype.email_account.email_account.pull)
2026-05-20 15:38:03,230 home-sjayp-Cooperative_manager-coop-bench:default: Job OK (coop.localhost::scheduled_job::frappe.email.doctype.email_account.email_account.pull)
2026-05-20 15:38:03,230 Result is kept for 600 seconds
2026-05-20 15:38:03,248 home-sjayp-Cooperative_manager-coop-bench:default: frappe.utils.background_jobs.execute_job(event=None, is_async=True, job_name='frappe.core.doctype.scheduled_job_type.scheduled_job_type.run_scheduled_jo..., kwargs={'job_type': 'frappe.email.queue.flush'}, method='frappe.core.doctype.scheduled_job_type.scheduled_job_type.run_scheduled_jo..., site='coop.localhost', user='Administrator') (coop.localhost::scheduled_job::frappe.email.queue.flush)
2026-05-20 15:38:03,814 home-sjayp-Cooperative_manager-coop-bench:default: Job OK (coop.localhost::scheduled_job::frappe.email.queue.flush)
2026-05-20 15:38:03,815 Result is kept for 600 seconds
2026-05-20 15:38:03,827 home-sjayp-Cooperative_manager-coop-bench:default: frappe.utils.background_jobs.execute_job(event=None, is_async=True, job_name='frappe.core.doctype.scheduled_job_type.scheduled_job_type.run_scheduled_jo..., kwargs={'job_type': 'frappe.monitor.flush'}, method='frappe.core.doctype.scheduled_job_type.scheduled_job_type.run_scheduled_jo..., site='coop.localhost', user='Administrator') (coop.localhost::scheduled_job::frappe.monitor.flush)
2026-05-20 15:38:04,257 home-sjayp-Cooperative_manager-coop-bench:default: Job OK (coop.localhost::scheduled_job::frappe.monitor.flush)
2026-05-20 15:38:04,257 Result is kept for 600 seconds
2026-05-20 15:38:04,286 home-sjayp-Cooperative_manager-coop-bench:default: frappe.utils.background_jobs.execute_job(event=None, is_async=True, job_name='frappe.core.doctype.scheduled_job_type.scheduled_job_type.run_scheduled_jo..., kwargs={'job_type': 'frappe.email.doctype.newsletter.newsletter.send_scheduled_ema..., method='frappe.core.doctype.scheduled_job_type.scheduled_job_type.run_scheduled_jo..., site='coop.localhost', user='Administrator') (coop.localhost::scheduled_job::frappe.email.doctype.newsletter.newsletter.send_scheduled_email)
2026-05-20 15:38:04,939 home-sjayp-Cooperative_manager-coop-bench:default: Job OK (coop.localhost::scheduled_job::frappe.email.doctype.newsletter.newsletter.send_scheduled_email)
2026-05-20 15:38:04,940 Result is kept for 600 seconds
2026-05-20 15:38:04,953 home-sjayp-Cooperative_manager-coop-bench:default: frappe.utils.background_jobs.execute_job(event=None, is_async=True, job_name='frappe.core.doctype.scheduled_job_type.scheduled_job_type.run_scheduled_jo..., kwargs={'job_type': 'frappe.automation.doctype.reminder.reminder.send_reminders'}, method='frappe.core.doctype.scheduled_job_type.scheduled_job_type.run_scheduled_jo..., site='coop.localhost', user='Administrator') (coop.localhost::scheduled_job::frappe.automation.doctype.reminder.reminder.send_reminders)
2026-05-20 15:38:05,272 home-sjayp-Cooperative_manager-coop-bench:default: Job OK (coop.localhost::scheduled_job::frappe.automation.doctype.reminder.reminder.send_reminders)
2026-05-20 15:38:05,272 Result is kept for 600 seconds
2026-05-20 15:38:05,282 home-sjayp-Cooperative_manager-coop-bench:default: frappe.utils.background_jobs.execute_job(event=None, is_async=True, job_name='frappe.core.doctype.scheduled_job_type.scheduled_job_type.run_scheduled_jo..., kwargs={'job_type': 'frappe.deferred_insert.save_to_db'}, method='frappe.core.doctype.scheduled_job_type.scheduled_job_type.run_scheduled_jo..., site='coop.localhost', user='Administrator') (coop.localhost::scheduled_job::frappe.deferred_insert.save_to_db)
2026-05-20 15:38:06,290 home-sjayp-Cooperative_manager-coop-bench:default: Job OK (coop.localhost::scheduled_job::frappe.deferred_insert.save_to_db)
2026-05-20 15:38:06,291 Result is kept for 600 seconds
2026-05-20 15:38:06,325 home-sjayp-Cooperative_manager-coop-bench:default: frappe.utils.background_jobs.execute_job(event=None, is_async=True, job_name='frappe.core.doctype.scheduled_job_type.scheduled_job_type.run_scheduled_jo..., kwargs={'job_type': 'frappe.utils.global_search.sync_global_search'}, method='frappe.core.doctype.scheduled_job_type.scheduled_job_type.run_scheduled_jo..., site='coop.localhost', user='Administrator') (coop.localhost::scheduled_job::frappe.utils.global_search.sync_global_search)
2026-05-20 15:38:06,703 home-sjayp-Cooperative_manager-coop-bench:default: Job OK (coop.localhost::scheduled_job::frappe.utils.global_search.sync_global_search)
2026-05-20 15:38:06,704 Result is kept for 600 seconds
2026-05-20 15:38:06,710 home-sjayp-Cooperative_manager-coop-bench:long: frappe.utils.background_jobs.execute_job(event=None, is_async=True, job_name='frappe.core.doctype.scheduled_job_type.scheduled_job_type.run_scheduled_jo..., kwargs={'job_type': 'frappe.oauth.delete_oauth2_data'}, method='frappe.core.doctype.scheduled_job_type.scheduled_job_type.run_scheduled_jo..., site='coop.localhost', user='Administrator') (coop.localhost::scheduled_job::frappe.oauth.delete_oauth2_data)
2026-05-20 15:38:07,016 home-sjayp-Cooperative_manager-coop-bench:long: Job OK (coop.localhost::scheduled_job::frappe.oauth.delete_oauth2_data)
2026-05-20 15:38:07,016 Result is kept for 600 seconds
2026-05-20 15:38:07,031 home-sjayp-Cooperative_manager-coop-bench:long: frappe.utils.background_jobs.execute_job(event=None, is_async=True, job_name='frappe.core.doctype.scheduled_job_type.scheduled_job_type.run_scheduled_jo..., kwargs={'job_type': 'frappe.twofactor.delete_all_barcodes_for_users'}, method='frappe.core.doctype.scheduled_job_type.scheduled_job_type.run_scheduled_jo..., site='coop.localhost', user='Administrator') (coop.localhost::scheduled_job::frappe.twofactor.delete_all_barcodes_for_users)
2026-05-20 15:38:07,385 home-sjayp-Cooperative_manager-coop-bench:long: Job OK (coop.localhost::scheduled_job::frappe.twofactor.delete_all_barcodes_for_users)
2026-05-20 15:38:07,385 Result is kept for 600 seconds
2026-05-20 15:38:07,394 home-sjayp-Cooperative_manager-coop-bench:long: frappe.utils.background_jobs.execute_job(event=None, is_async=True, job_name='frappe.core.doctype.scheduled_job_type.scheduled_job_type.run_scheduled_jo..., kwargs={'job_type': 'frappe.website.doctype.personal_data_deletion_request.persona..., method='frappe.core.doctype.scheduled_job_type.scheduled_job_type.run_scheduled_jo..., site='coop.localhost', user='Administrator') (coop.localhost::scheduled_job::frappe.website.doctype.personal_data_deletion_request.personal_data_deletion_request.process_data_deletion_request)
2026-05-20 15:38:07,881 home-sjayp-Cooperative_manager-coop-bench:long: Job OK (coop.localhost::scheduled_job::frappe.website.doctype.personal_data_deletion_request.personal_data_deletion_request.process_data_deletion_request)
2026-05-20 15:38:07,882 Result is kept for 600 seconds
2026-05-20 15:38:07,890 home-sjayp-Cooperative_manager-coop-bench:long: frappe.utils.background_jobs.execute_job(event=None, is_async=True, job_name='frappe.core.doctype.scheduled_job_type.scheduled_job_type.run_scheduled_jo..., kwargs={'job_type': 'frappe.desk.page.backups.backups.delete_downloadable_backups'..., method='frappe.core.doctype.scheduled_job_type.scheduled_job_type.run_scheduled_jo..., site='coop.localhost', user='Administrator') (coop.localhost::scheduled_job::frappe.desk.page.backups.backups.delete_downloadable_backups)
2026-05-20 15:38:08,804 home-sjayp-Cooperative_manager-coop-bench:long: Job OK (coop.localhost::scheduled_job::frappe.desk.page.backups.backups.delete_downloadable_backups)
2026-05-20 15:38:08,804 Result is kept for 600 seconds
2026-05-20 15:38:08,829 home-sjayp-Cooperative_manager-coop-bench:long: frappe.utils.background_jobs.execute_job(event=None, is_async=True, job_name='frappe.core.doctype.scheduled_job_type.scheduled_job_type.run_scheduled_jo..., kwargs={'job_type': 'frappe.website.doctype.web_page.web_page.check_publish_status..., method='frappe.core.doctype.scheduled_job_type.scheduled_job_type.run_scheduled_jo..., site='coop.localhost', user='Administrator') (coop.localhost::scheduled_job::frappe.website.doctype.web_page.web_page.check_publish_status)
2026-05-20 15:38:09,402 home-sjayp-Cooperative_manager-coop-bench:long: Job OK (coop.localhost::scheduled_job::frappe.website.doctype.web_page.web_page.check_publish_status)
2026-05-20 15:38:09,402 Result is kept for 600 seconds
2026-05-20 15:38:09,409 home-sjayp-Cooperative_manager-coop-bench:long: frappe.utils.background_jobs.execute_job(event=None, is_async=True, job_name='frappe.core.doctype.scheduled_job_type.scheduled_job_type.run_scheduled_jo..., kwargs={'job_type': 'frappe.model.utils.user_settings.sync_user_settings'}, method='frappe.core.doctype.scheduled_job_type.scheduled_job_type.run_scheduled_jo..., site='coop.localhost', user='Administrator') (coop.localhost::scheduled_job::frappe.model.utils.user_settings.sync_user_settings)
2026-05-20 15:38:09,684 home-sjayp-Cooperative_manager-coop-bench:long: Job OK (coop.localhost::scheduled_job::frappe.model.utils.user_settings.sync_user_settings)
2026-05-20 15:38:09,685 Result is kept for 600 seconds
2026-05-20 15:38:09,696 home-sjayp-Cooperative_manager-coop-bench:long: frappe.utils.background_jobs.execute_job(event=None, is_async=True, job_name='frappe.core.doctype.scheduled_job_type.scheduled_job_type.run_scheduled_jo..., kwargs={'job_type': 'frappe.core.doctype.prepared_report.prepared_report.expire_st..., method='frappe.core.doctype.scheduled_job_type.scheduled_job_type.run_scheduled_jo..., site='coop.localhost', user='Administrator') (coop.localhost::scheduled_job::frappe.core.doctype.prepared_report.prepared_report.expire_stalled_report)
2026-05-20 15:38:09,969 home-sjayp-Cooperative_manager-coop-bench:long: Job OK (coop.localhost::scheduled_job::frappe.core.doctype.prepared_report.prepared_report.expire_stalled_report)
2026-05-20 15:38:09,969 Result is kept for 600 seconds
2026-05-20 15:38:09,981 home-sjayp-Cooperative_manager-coop-bench:long: frappe.utils.background_jobs.execute_job(event=None, is_async=True, job_name='frappe.core.doctype.scheduled_job_type.scheduled_job_type.run_scheduled_jo..., kwargs={'job_type': 'frappe.desk.utils.delete_old_exported_report_files'}, method='frappe.core.doctype.scheduled_job_type.scheduled_job_type.run_scheduled_jo..., site='coop.localhost', user='Administrator') (coop.localhost::scheduled_job::frappe.desk.utils.delete_old_exported_report_files)
2026-05-20 15:38:10,254 home-sjayp-Cooperative_manager-coop-bench:long: Job OK (coop.localhost::scheduled_job::frappe.desk.utils.delete_old_exported_report_files)
2026-05-20 15:38:10,254 Result is kept for 600 seconds
2026-05-20 15:40:07,278 home-sjayp-Cooperative_manager-coop-bench:default: frappe.utils.background_jobs.execute_job(event=None, is_async=True, job_name='frappe.core.doctype.scheduled_job_type.scheduled_job_type.run_scheduled_jo..., kwargs={'job_type': 'frappe.email.queue.retry_sending_emails'}, method='frappe.core.doctype.scheduled_job_type.scheduled_job_type.run_scheduled_jo..., site='coop.localhost', user='Administrator') (coop.localhost::scheduled_job::frappe.email.queue.retry_sending_emails)
2026-05-20 15:40:07,790 home-sjayp-Cooperative_manager-coop-bench:default: Job OK (coop.localhost::scheduled_job::frappe.email.queue.retry_sending_emails)
2026-05-20 15:40:07,791 Result is kept for 600 seconds
2026-05-20 15:40:07,800 home-sjayp-Cooperative_manager-coop-bench:default: frappe.utils.background_jobs.execute_job(event=None, is_async=True, job_name='frappe.core.doctype.scheduled_job_type.scheduled_job_type.run_scheduled_jo..., kwargs={'job_type': 'frappe.integrations.doctype.google_calendar.google_calendar.s..., method='frappe.core.doctype.scheduled_job_type.scheduled_job_type.run_scheduled_jo..., site='coop.localhost', user='Administrator') (coop.localhost::scheduled_job::frappe.integrations.doctype.google_calendar.google_calendar.sync)
2026-05-20 15:40:08,204 home-sjayp-Cooperative_manager-coop-bench:default: Job OK (coop.localhost::scheduled_job::frappe.integrations.doctype.google_calendar.google_calendar.sync)
2026-05-20 15:40:08,204 Result is kept for 600 seconds
2026-05-20 15:40:08,211 home-sjayp-Cooperative_manager-coop-bench:default: frappe.utils.background_jobs.execute_job(event=None, is_async=True, job_name='frappe.core.doctype.scheduled_job_type.scheduled_job_type.run_scheduled_jo..., kwargs={'job_type': 'frappe.email.doctype.email_account.email_account.pull'}, method='frappe.core.doctype.scheduled_job_type.scheduled_job_type.run_scheduled_jo..., site='coop.localhost', user='Administrator') (coop.localhost::scheduled_job::frappe.email.doctype.email_account.email_account.pull)
2026-05-20 15:40:08,467 home-sjayp-Cooperative_manager-coop-bench:default: Job OK (coop.localhost::scheduled_job::frappe.email.doctype.email_account.email_account.pull)
2026-05-20 15:40:08,467 Result is kept for 600 seconds
2026-05-20 15:40:08,474 home-sjayp-Cooperative_manager-coop-bench:default: frappe.utils.background_jobs.execute_job(event=None, is_async=True, job_name='frappe.core.doctype.scheduled_job_type.scheduled_job_type.run_scheduled_jo..., kwargs={'job_type': 'frappe.email.queue.flush'}, method='frappe.core.doctype.scheduled_job_type.scheduled_job_type.run_scheduled_jo..., site='coop.localhost', user='Administrator') (coop.localhost::scheduled_job::frappe.email.queue.flush)
2026-05-20 15:40:08,864 home-sjayp-Cooperative_manager-coop-bench:default: Job OK (coop.localhost::scheduled_job::frappe.email.queue.flush)
2026-05-20 15:40:08,865 Result is kept for 600 seconds
2026-05-20 15:40:08,871 home-sjayp-Cooperative_manager-coop-bench:default: frappe.utils.background_jobs.execute_job(event=None, is_async=True, job_name='frappe.core.doctype.scheduled_job_type.scheduled_job_type.run_scheduled_jo..., kwargs={'job_type': 'frappe.monitor.flush'}, method='frappe.core.doctype.scheduled_job_type.scheduled_job_type.run_scheduled_jo..., site='coop.localhost', user='Administrator') (coop.localhost::scheduled_job::frappe.monitor.flush)
2026-05-20 15:40:09,127 home-sjayp-Cooperative_manager-coop-bench:default: Job OK (coop.localhost::scheduled_job::frappe.monitor.flush)
2026-05-20 15:40:09,127 Result is kept for 600 seconds
2026-05-20 15:44:22,995 home-sjayp-Cooperative_manager-coop-bench:default: frappe.utils.background_jobs.execute_job(event=None, is_async=True, job_name='frappe.core.doctype.scheduled_job_type.scheduled_job_type.run_scheduled_jo..., kwargs={'job_type': 'frappe.email.queue.retry_sending_emails'}, method='frappe.core.doctype.scheduled_job_type.scheduled_job_type.run_scheduled_jo..., site='coop.localhost', user='Administrator') (coop.localhost::scheduled_job::frappe.email.queue.retry_sending_emails)
2026-05-20 15:44:23,390 home-sjayp-Cooperative_manager-coop-bench:default: Job OK (coop.localhost::scheduled_job::frappe.email.queue.retry_sending_emails)
2026-05-20 15:44:23,391 Result is kept for 600 seconds
2026-05-20 15:44:23,399 home-sjayp-Cooperative_manager-coop-bench:default: frappe.utils.background_jobs.execute_job(event=None, is_async=True, job_name='frappe.core.doctype.scheduled_job_type.scheduled_job_type.run_scheduled_jo..., kwargs={'job_type': 'frappe.monitor.flush'}, method='frappe.core.doctype.scheduled_job_type.scheduled_job_type.run_scheduled_jo..., site='coop.localhost', user='Administrator') (coop.localhost::scheduled_job::frappe.monitor.flush)
2026-05-20 15:44:23,533 home-sjayp-Cooperative_manager-coop-bench:default: Job OK (coop.localhost::scheduled_job::frappe.monitor.flush)
2026-05-20 15:44:23,533 Result is kept for 600 seconds
2026-05-20 15:44:23,540 home-sjayp-Cooperative_manager-coop-bench:default: frappe.utils.background_jobs.execute_job(event=None, is_async=True, job_name='frappe.core.doctype.scheduled_job_type.scheduled_job_type.run_scheduled_jo..., kwargs={'job_type': 'frappe.integrations.doctype.google_calendar.google_calendar.s..., method='frappe.core.doctype.scheduled_job_type.scheduled_job_type.run_scheduled_jo..., site='coop.localhost', user='Administrator') (coop.localhost::scheduled_job::frappe.integrations.doctype.google_calendar.google_calendar.sync)
2026-05-20 15:44:23,937 home-sjayp-Cooperative_manager-coop-bench:default: Job OK (coop.localhost::scheduled_job::frappe.integrations.doctype.google_calendar.google_calendar.sync)
2026-05-20 15:44:23,937 Result is kept for 600 seconds
2026-05-20 15:44:23,946 home-sjayp-Cooperative_manager-coop-bench:default: frappe.utils.background_jobs.execute_job(event=None, is_async=True, job_name='frappe.core.doctype.scheduled_job_type.scheduled_job_type.run_scheduled_jo..., kwargs={'job_type': 'frappe.email.queue.flush'}, method='frappe.core.doctype.scheduled_job_type.scheduled_job_type.run_scheduled_jo..., site='coop.localhost', user='Administrator') (coop.localhost::scheduled_job::frappe.email.queue.flush)
2026-05-20 15:44:24,244 home-sjayp-Cooperative_manager-coop-bench:default: Job OK (coop.localhost::scheduled_job::frappe.email.queue.flush)
2026-05-20 15:44:24,245 Result is kept for 600 seconds
